datetaken,latitude,longitude,owner,ownername,relevant,title,url,wild,confidence
2020-10-04T14:01:53.000Z,53.504294,-1.04119,46810521@N04,Dave_Johnson,TRUE,"Giraffe - Yorkshire Wildlife Park, October 2020",https://live.staticflickr.com/65535/50508338483_6664291751_b.jpg,FALSE,
2020-10-04T14:00:50.000Z,53.504294,-1.04119,46810521@N04,Dave_Johnson,TRUE,"Giraffe - Yorkshire Wildlife Park, October 2020",https://live.staticflickr.com/65535/50509047741_216d4f3a14_b.jpg,FALSE,
2020-10-04T13:58:52.000Z,53.504294,-1.04119,46810521@N04,Dave_Johnson,TRUE,"Giraffe - Yorkshire Wildlife Park, October 2020",https://live.staticflickr.com/65535/50508337723_e990c26823_b.jpg,FALSE,
2020-10-04T13:57:28.000Z,53.504294,-1.04119,46810521@N04,Dave_Johnson,TRUE,"Giraffe - Yorkshire Wildlife Park, October 2020",https://live.staticflickr.com/65535/50508337448_b3cea6ee55_b.jpg,FALSE,
2020-10-04T13:56:55.000Z,53.504294,-1.04119,46810521@N04,Dave_Johnson,TRUE,"Giraffe - Yorkshire Wildlife Park, October 2020",https://live.staticflickr.com/65535/50509211032_68ba981a32_b.jpg,FALSE,
2020-10-04T13:56:15.000Z,53.504294,-1.04119,46810521@N04,Dave_Johnson,TRUE,"Giraffe - Yorkshire Wildlife Park, October 2020",https://live.staticflickr.com/65535/50509210827_50fd3fd0de_b.jpg,FALSE,
2020-10-04T13:56:09.000Z,53.504294,-1.04119,46810521@N04,Dave_Johnson,TRUE,"Giraffe - Yorkshire Wildlife Park, October 2020",https://live.staticflickr.com/65535/50509210722_d6b1914804_b.jpg,FALSE,
2020-10-04T14:03:48.000Z,53.504294,-1.04119,46810521@N04,Dave_Johnson,TRUE,"Giraffe - Yorkshire Wildlife Park, October 2020",https://live.staticflickr.com/65535/50509208042_b0891697af_b.jpg,FALSE,
2020-10-04T12:17:51.000Z,53.504294,-1.04119,46810521@N04,Dave_Johnson,TRUE,"Giraffe - Yorkshire Wildlife Park, October 2020",https://live.staticflickr.com/65535/50506734533_42652e0397_b.jpg,FALSE,
2020-10-10T10:55:27.000Z,0,0,132217476@N06,alantaylorphotography,TRUE,S2534 Reticulated giraffe,https://live.staticflickr.com/65535/50446301621_547451779d_b.jpg,TRUE,
2019-07-09T10:36:44.000Z,0,0,145824323@N05,danielsorensen,TRUE,Reticulated giraffe (Giraffa camelopardalis reticulata),https://live.staticflickr.com/65535/50427301722_b3ded52d33_b.jpg,FALSE,
2020-09-08T11:32:03.000Z,52.41203,1.699283,28864494@N02,Billabongï£¿mac,TRUE,Reticulated Giraffe,https://live.staticflickr.com/65535/50368301183_a0804bdfd3_b.jpg,FALSE,
2020-09-08T10:16:43.000Z,52.41203,1.699283,28864494@N02,Billabongï£¿mac,TRUE,Reticulated Giraffe - Africa Alive,https://live.staticflickr.com/65535/50365384097_83bc6bf53d_b.jpg,FALSE,
2020-09-15T11:03:43.000Z,53.501461,-1.038203,60259592@N03,grab a pic,TRUE,GIRAFFE,https://live.staticflickr.com/65535/50357161077_cfd7da3019_b.jpg,FALSE,
2020-09-15T11:04:08.000Z,53.501461,-1.038203,60259592@N03,grab a pic,TRUE,GIRAFFE,https://live.staticflickr.com/65535/50356299218_ce4b411202_b.jpg,FALSE,
2020-09-15T11:04:15.000Z,53.501461,-1.038203,60259592@N03,grab a pic,TRUE,GIRAFFE,https://live.staticflickr.com/65535/50356299093_cde2726dd8_b.jpg,FALSE,
2020-09-15T11:05:27.000Z,53.501461,-1.038203,60259592@N03,grab a pic,TRUE,GIRAFFE,https://live.staticflickr.com/65535/50357001971_373fddabfe_b.jpg,FALSE,
2020-09-13T13:54:41.000Z,0,0,8628862@N05,MTSOfan,TRUE,Remember Murphy and Tatu?,https://live.staticflickr.com/65535/50347783553_3cdb7445bd_b.jpg,FALSE,
2020-08-19T13:01:46.000Z,0,0,27936339@N05,casalosmonos,TRUE,"Reticulated Giraffe, Oakland Zoo",https://live.staticflickr.com/65535/50247424037_82122d7dcb_b.jpg,FALSE,
2020-02-16T09:14:25.000Z,0,0,100145229@N03,joshkanyi,TRUE,Reticulated Giraffe,https://live.staticflickr.com/65535/50419402803_016c9c3394_b.jpg,TRUE,
2020-09-17T10:33:00.000Z,0,0,42681849@N07,zphotographics,TRUE,920_0184 Reticulated Giraffes,https://live.staticflickr.com/65535/50369842666_169f2381e7_b.jpg,FALSE,
2020-09-17T10:36:30.000Z,0,0,42681849@N07,zphotographics,TRUE,920_0195 Reticulated Giraffe,https://live.staticflickr.com/65535/50360181627_377bc00244_b.jpg,unknown,
2020-09-17T10:36:56.000Z,0,0,42681849@N07,zphotographics,TRUE,920_0197 Reticulated Giraffe,https://live.staticflickr.com/65535/50360179532_2b06f4c7a8_b.jpg,unknown,
2020-08-22T11:51:56.000Z,0,0,51056299@N08,mikedoherty_photos,TRUE,"DSC08799 JPEG - Full size, highest quality",https://live.staticflickr.com/65535/50260777918_990ef07a1e_b.jpg,FALSE,
2019-09-21T10:45:34.000Z,0,0,183490785@N08,wnw.pace,TRUE,Reticulated Giraffe,https://live.staticflickr.com/65535/50260761326_fc3e649532_b.jpg,TRUE,
2019-09-22T05:40:52.000Z,0,0,183490785@N08,wnw.pace,TRUE,Reticulated Giraffe,https://live.staticflickr.com/65535/50260750881_95d06b6cd7_b.jpg,TRUE,
2019-09-22T05:40:57.000Z,0,0,183490785@N08,wnw.pace,TRUE,Reticulated Giraffe,https://live.staticflickr.com/65535/50260942487_4e93cfd250_b.jpg,TRUE,
2019-09-22T05:41:05.000Z,0,0,183490785@N08,wnw.pace,TRUE,Reticulated Giraffe,https://live.staticflickr.com/65535/50260750296_215510c93d_b.jpg,TRUE,
2019-09-22T15:45:09.000Z,0,0,183490785@N08,wnw.pace,TRUE,Reticulated Giraffe,https://live.staticflickr.com/65535/50260080128_54da600308_b.jpg,TRUE,
2020-07-16T10:57:22.000Z,0,0,9144222@N06,Nemoleon,TRUE,Reticulated giraffes,https://live.staticflickr.com/65535/50195200783_804f13f7ec_b.jpg,FALSE,
6/24/20 13:15,47.246115,1.349177,125057668@N02,Paul MOINE,TRUE,Girafe rÃ©ticulÃ©e (Giraffa camelopardalis reticulata),https://live.staticflickr.com/65535/50134306856_8f4dea65f3_b.jpg,FALSE,
2020-06-24T13:16:00.000Z,47.246115,1.349177,125057668@N02,Paul MOINE,TRUE,Girafe rÃ©ticulÃ©e (Giraffa camelopardalis reticulata),https://live.staticflickr.com/65535/50134536052_0cc7a544b2_b.jpg,FALSE,
2020-06-24T13:10:43.000Z,47.246115,1.349177,125057668@N02,Paul MOINE,TRUE,Girafe rÃ©ticulÃ©e (Giraffa camelopardalis reticulata),https://live.staticflickr.com/65535/50133715398_9ba590475a_b.jpg,FALSE,
2020-06-24T13:11:20.000Z,47.246115,1.349177,125057668@N02,Paul MOINE,TRUE,Girafe rÃ©ticulÃ©e (Giraffa camelopardalis reticulata),https://live.staticflickr.com/65535/50134497282_857f361f39_b.jpg,FALSE,
2020-06-24T13:09:59.000Z,47.246115,1.349177,125057668@N02,Paul MOINE,TRUE,Girafe rÃ©ticulÃ©e (Giraffa camelopardalis reticulata),https://live.staticflickr.com/65535/50134473652_70cc97e372_b.jpg,FALSE,
2020-06-24T13:08:51.000Z,47.246115,1.349177,125057668@N02,Paul MOINE,TRUE,Girafe rÃ©ticulÃ©e (Giraffa camelopardalis reticulata),https://live.staticflickr.com/65535/50134205536_0f21a82c81_b.jpg,FALSE,
2020-07-13T08:45:04.000Z,0,0,143326780@N02,MKHNaturalist,TRUE,DSCN2021,https://live.staticflickr.com/65535/50115209413_d5953a5643_b.jpg,FALSE,
2020-02-29T11:12:50.000Z,0,0,62950692@N03,j.a.kok,TRUE,reticulated giraffe Maartje Blijdorp BB2A0549,https://live.staticflickr.com/65535/50026062291_ff67f31d82_b.jpg,unknown,
2020-02-29T11:12:50.000Z,0,0,62950692@N03,j.a.kok,TRUE,reticulated giraffe Maartje Blijdorp BB2A0545,https://live.staticflickr.com/65535/50026320147_bd716d806e_b.jpg,unknown,
2020-02-29T11:12:50.000Z,0,0,62950692@N03,j.a.kok,TRUE,reticulated giraffe Maartje Blijdorp BB2A0544,https://live.staticflickr.com/65535/50025513993_6c99d73f2a_b.jpg,unknown,
2020-02-29T11:06:44.000Z,0,0,62950692@N03,j.a.kok,TRUE,reticulated giraffe Maartje Blijdorp BB2A0454,https://live.staticflickr.com/65535/50025513353_4b86cc5f13_b.jpg,unknown,
2020-02-22T09:10:26.000Z,0,0,62950692@N03,j.a.kok,TRUE,reticulated giraffe Maartje Blijdorp BB2A0052,https://live.staticflickr.com/65535/50015746928_3ed95673b4_b.jpg,FALSE,
2020-02-22T09:02:34.000Z,0,0,62950692@N03,j.a.kok,TRUE,reticulated giraffe Maartje Blijdorp BB2A0039,https://live.staticflickr.com/65535/50016536887_7c194c359b_b.jpg,FALSE,
2020-07-02T09:03:01.000Z,0,0,11928454@N04,pastough,TRUE,IMG_7425.jpg,https://live.staticflickr.com/65535/50101430631_f8bebceef8_b.jpg,FALSE,
2020-07-02T09:02:32.000Z,0,0,11928454@N04,pastough,TRUE,IMG_7417.jpg,https://live.staticflickr.com/65535/50100846658_96f25a6842_b.jpg,FALSE,
2019-12-01T18:08:53.000Z,33.547779,-112.413868,24067417@N03,Going to the Zoo with Trebaruna,TRUE,Giraffa camelopardalis reticulata - Reticulated Giraffe,https://live.staticflickr.com/65535/50075893816_9b140d2c36_b.jpg,FALSE,
2019-12-01T18:09:03.000Z,33.547779,-112.413868,24067417@N03,Going to the Zoo with Trebaruna,TRUE,Giraffa camelopardalis reticulata - Reticulated Giraffe,https://live.staticflickr.com/65535/50076147662_83a7415ca7_b.jpg,FALSE,
2020-05-26T10:40:19.000Z,51.045621,-114.031916,12339061@N06,KiwiHugger,TRUE,Reticulated giraffes May 26,https://live.staticflickr.com/65535/49954185291_95ac8f58d3_b.jpg,FALSE,
2019-11-07T04:07:40.000Z,0,0,143436600@N05,Wild Planet Photo Magazine,TRUE,"Where The Wild Things Live: Reticulated giraffes, Samburu National Preserve, Kenya",https://live.staticflickr.com/65535/49723328172_faa88377fc_b.jpg,TRUE,
2020-03-04T09:43:16.000Z,0,0,31620299@N06,herbiepear3,TRUE,Reticulated Giraffe Feeding,https://live.staticflickr.com/65535/49686313006_870066413e_b.jpg,TRUE,
2019-11-07T04:07:40.000Z,0,0,143436600@N05,Wild Planet Photo Magazine,TRUE,"Where The Wild Things Live: Reticulated giraffes, Samburu National Preserve, Kenya",https://live.staticflickr.com/65535/49684116942_970ee6a6eb_b.jpg,TRUE,
2020-03-04T08:48:45.000Z,0,0,31620299@N06,herbiepear3,TRUE,Reticulated Giraffe eating acacia,https://live.staticflickr.com/65535/49673652232_da4a308640_b.jpg,TRUE,
2020-03-02T06:44:04.000Z,0,0,31620299@N06,herbiepear3,TRUE,Reticulated Giraffe,https://live.staticflickr.com/65535/49673649652_982ba0e696_b.jpg,TRUE,
2020-03-02T00:55:29.000Z,0,0,31620299@N06,herbiepear3,TRUE,Reticulated Giraffes (a tower),https://live.staticflickr.com/65535/49672824683_53e99349aa_b.jpg,TRUE,
2020-03-02T00:27:40.000Z,0,0,31620299@N06,herbiepear3,TRUE,Reticulated Giraffe & Mt. Kenya,https://live.staticflickr.com/65535/49673648212_86e79d31b4_b.jpg,TRUE,
2019-06-02T04:01:59.000Z,0,0,138272092@N06,osman71rvc,TRUE,"4-27.  Reticulated Giraffe - Reid Park Zoo - Tucson, AZ (06-02-19)",https://live.staticflickr.com/65535/49660689896_84c160f393_b.jpg,FALSE,
2019-06-08T01:50:16.000Z,0,0,138272092@N06,osman71rvc,TRUE,"4-28.  Reticulated Giraffe - Reid Park Zoo - Tucson, AZ (06-08-19)",https://live.staticflickr.com/65535/49660688986_57d69b8c2c_b.jpg,FALSE,
2019-06-08T01:47:22.000Z,0,0,138272092@N06,osman71rvc,TRUE,"4-29.  Reticulated Giraffe - Reid Park Zoo - Tucson, AZ (06-08-19)",https://live.staticflickr.com/65535/49660687816_4359c20600_b.jpg,FALSE,
2019-06-14T01:40:14.000Z,0,0,138272092@N06,osman71rvc,TRUE,"4-30.  Reticulated Giraffe - Reid Park Zoo - Tucson, AZ (06-14-19)",https://live.staticflickr.com/65535/49660686336_b7480efa66_b.jpg,FALSE,
2019-08-10T00:24:02.000Z,0,0,138272092@N06,osman71rvc,TRUE,"4-31.  Reticulated Giraffe - Reid Park Zoo - Tucson, AZ (Z (08-10-19)",https://live.staticflickr.com/65535/49660685291_7667b6d7a2_b.jpg,FALSE,
2019-11-07T04:07:40.000Z,0,0,143436600@N05,Wild Planet Photo Magazine,TRUE,"Where The Wild Things Live: Reticulated giraffes, Samburu National Preserve, Kenya",https://live.staticflickr.com/65535/49647321082_c839fe7292_b.jpg,TRUE,
2020-03-06T12:27:41.000Z,0,0,9795006@N08,SierraSunrise,TRUE,"Reticulated giraffe - Giraffa camelopardalis reticulata (De Winton, 1899) - Giraffidae 1",https://live.staticflickr.com/65535/49637498666_88787bb4db_b.jpg,FALSE,
2020-03-01T14:39:52.000Z,0,0,43057478@N05,DarloRich2009,TRUE,Whipsnade Zoo,https://live.staticflickr.com/65535/49634760977_c572f85bf9_b.jpg,FALSE,
2020-03-01T14:39:24.000Z,0,0,43057478@N05,DarloRich2009,TRUE,Whipsnade Zoo,https://live.staticflickr.com/65535/49634485531_0d12d6d3f3_b.jpg,FALSE,
2020-03-01T14:36:49.000Z,0,0,43057478@N05,DarloRich2009,TRUE,Whipsnade Zoo,https://live.staticflickr.com/65535/49634482491_43f58284dd_b.jpg,FALSE,
2019-12-13T18:01:00.000Z,0,0,7874649@N03,Regina Hart,TRUE,GD2-2583,https://live.staticflickr.com/65535/49533928178_334b9085ff_b.jpg,TRUE,
2019-12-13T18:02:51.000Z,0,0,7874649@N03,Regina Hart,TRUE,ED1-1050931,https://live.staticflickr.com/65535/49534422651_1807112304_b.jpg,TRUE,
2019-12-13T18:02:54.000Z,0,0,7874649@N03,Regina Hart,TRUE,GD2-2584,https://live.staticflickr.com/65535/49534651322_2b22664e8a_b.jpg,TRUE,
2019-12-13T18:03:07.000Z,0,0,7874649@N03,Regina Hart,TRUE,GD2-2585,https://live.staticflickr.com/65535/49534651257_3b76e56c38_b.jpg,TRUE,
2019-12-13T18:03:45.000Z,0,0,7874649@N03,Regina Hart,TRUE,GD2-2587,https://live.staticflickr.com/65535/49534422456_076bd71428_b.jpg,TRUE,
2019-12-13T18:03:51.000Z,0,0,7874649@N03,Regina Hart,TRUE,GD2-2588,https://live.staticflickr.com/65535/49534651082_c6a28b0fc6_b.jpg,TRUE,
2019-12-13T11:41:53.000Z,0,0,7874649@N03,Regina Hart,TRUE,GD1-2396,https://live.staticflickr.com/65535/49533916943_f2dc817c13_b.jpg,TRUE,
2019-12-13T12:20:26.000Z,0,0,7874649@N03,Regina Hart,TRUE,ED1-1050877,https://live.staticflickr.com/65535/49534410366_caab353210_b.jpg,TRUE,
2019-12-13T12:20:36.000Z,0,0,7874649@N03,Regina Hart,TRUE,ED1-1050879,https://live.staticflickr.com/65535/49534410286_1fe864f3c0_b.jpg,TRUE,
2019-12-13T12:20:37.000Z,0,0,7874649@N03,Regina Hart,TRUE,GD1-2424,https://live.staticflickr.com/65535/49534638662_fb8b1967e6_b.jpg,TRUE,
2019-12-13T12:20:39.000Z,0,0,7874649@N03,Regina Hart,TRUE,ED1-1050880,https://live.staticflickr.com/65535/49534410116_c888861419_b.jpg,TRUE,
2019-12-13T12:20:48.000Z,0,0,7874649@N03,Regina Hart,TRUE,GD1-2427,https://live.staticflickr.com/65535/49534410051_0c02c1ea36_b.jpg,TRUE,
2019-12-13T12:20:59.000Z,0,0,7874649@N03,Regina Hart,TRUE,GD1-2432,https://live.staticflickr.com/65535/49533915508_6bbb6e559f_b.jpg,TRUE,
2019-12-13T12:21:04.000Z,0,0,7874649@N03,Regina Hart,TRUE,GD1-2433,https://live.staticflickr.com/65535/49534409861_81355728e9_b.jpg,TRUE,
2019-12-13T12:21:17.000Z,0,0,7874649@N03,Regina Hart,TRUE,GD1-2435,https://live.staticflickr.com/65535/49534409806_d9e6db9a80_b.jpg,TRUE,
2019-12-13T12:21:17.000Z,0,0,7874649@N03,Regina Hart,TRUE,GD1-2436,https://live.staticflickr.com/65535/49534638147_d6ee195003_b.jpg,TRUE,
2019-12-13T12:21:59.000Z,0,0,7874649@N03,Regina Hart,TRUE,GD1-2442,https://live.staticflickr.com/65535/49533915038_97358ef9ff_b.jpg,TRUE,
2019-12-13T13:17:35.000Z,0,0,7874649@N03,Regina Hart,TRUE,GD1-2457,https://live.staticflickr.com/65535/49534637347_f44267781c_b.jpg,TRUE,
2019-12-13T13:17:35.000Z,0,0,7874649@N03,Regina Hart,TRUE,GD1-2458,https://live.staticflickr.com/65535/49534637262_a1b647ba9d_b.jpg,TRUE,
2019-12-13T13:17:47.000Z,0,0,7874649@N03,Regina Hart,TRUE,GD1-2459,https://live.staticflickr.com/65535/49533914433_fd36141f46_b.jpg,TRUE,
2019-12-13T13:17:48.000Z,0,0,7874649@N03,Regina Hart,TRUE,GD1-2460,https://live.staticflickr.com/65535/49533914348_170376bf17_b.jpg,TRUE,
2019-12-13T13:17:48.000Z,0,0,7874649@N03,Regina Hart,TRUE,GD1-2461,https://live.staticflickr.com/65535/49534408611_6cff77c11c_b.jpg,TRUE,
2019-12-13T13:18:00.000Z,0,0,7874649@N03,Regina Hart,TRUE,GD1-2463,https://live.staticflickr.com/65535/49534408551_304e6a6779_b.jpg,TRUE,
2019-12-13T13:55:45.000Z,0,0,7874649@N03,Regina Hart,TRUE,GD1-2464,https://live.staticflickr.com/65535/49533914168_0dd3a69383_b.jpg,TRUE,
2019-12-13T13:55:55.000Z,0,0,7874649@N03,Regina Hart,TRUE,GD1-2469,https://live.staticflickr.com/65535/49534636952_07a6ca1ef2_b.jpg,TRUE,
2019-12-13T13:56:38.000Z,0,0,7874649@N03,Regina Hart,TRUE,GD1-2473,https://live.staticflickr.com/65535/49534408401_378b8a2135_b.jpg,TRUE,
2019-12-13T13:59:48.000Z,0,0,7874649@N03,Regina Hart,TRUE,GD1-2476,https://live.staticflickr.com/65535/49534636807_f901f05e37_b.jpg,TRUE,
2019-12-13T14:03:28.000Z,0,0,7874649@N03,Regina Hart,TRUE,GD1-2483,https://live.staticflickr.com/65535/49533913953_c2e0ec79de_b.jpg,TRUE,
2019-12-13T14:03:34.000Z,0,0,7874649@N03,Regina Hart,TRUE,GD1-2485,https://live.staticflickr.com/65535/49533913913_1fa90f3954_b.jpg,TRUE,
2019-12-13T14:04:31.000Z,0,0,7874649@N03,Regina Hart,TRUE,GD1-2486,https://live.staticflickr.com/65535/49534408206_70102cbd09_b.jpg,TRUE,
2019-12-13T14:04:31.000Z,0,0,7874649@N03,Regina Hart,TRUE,GD1-2487,https://live.staticflickr.com/65535/49533913823_4663ec4907_b.jpg,TRUE,
2019-12-13T14:06:00.000Z,0,0,7874649@N03,Regina Hart,TRUE,GD1-2490,https://live.staticflickr.com/65535/49533913728_d407d8ffa0_b.jpg,TRUE,
2019-12-13T14:06:40.000Z,0,0,7874649@N03,Regina Hart,TRUE,GD1-2494,https://live.staticflickr.com/65535/49534408096_56b2ec1ff5_b.jpg,TRUE,
2019-12-13T14:06:44.000Z,0,0,7874649@N03,Regina Hart,TRUE,GD1-2496,https://live.staticflickr.com/65535/49533913658_f885672557_b.jpg,TRUE,
2019-12-13T14:07:57.000Z,0,0,7874649@N03,Regina Hart,TRUE,GD1-2497,https://live.staticflickr.com/65535/49533913603_db799ff6aa_b.jpg,TRUE,
2019-12-13T14:08:10.000Z,0,0,7874649@N03,Regina Hart,TRUE,GD1-2499,https://live.staticflickr.com/65535/49534636307_89018a6640_b.jpg,TRUE,
2019-12-13T14:08:17.000Z,0,0,7874649@N03,Regina Hart,TRUE,GD1-2501,https://live.staticflickr.com/65535/49534407901_88b206fbd1_b.jpg,TRUE,
2019-12-13T14:08:18.000Z,0,0,7874649@N03,Regina Hart,TRUE,GD1-2502,https://live.staticflickr.com/65535/49534407846_0e8b6fde9b_b.jpg,TRUE,
2019-12-13T14:17:25.000Z,0,0,7874649@N03,Regina Hart,TRUE,GD1-2505,https://live.staticflickr.com/65535/49533913383_c5c495aea2_b.jpg,TRUE,
2019-12-13T15:58:40.000Z,0,0,7874649@N03,Regina Hart,TRUE,ED1-1050899,https://live.staticflickr.com/65535/49533912363_ef5a7f5dc1_b.jpg,TRUE,
2019-12-13T15:59:02.000Z,0,0,7874649@N03,Regina Hart,TRUE,ED1-1050901,https://live.staticflickr.com/65535/49534406731_584a402948_b.jpg,TRUE,
2019-12-13T15:59:11.000Z,0,0,7874649@N03,Regina Hart,TRUE,ED1-1050902,https://live.staticflickr.com/65535/49534635147_931a084ae5_b.jpg,TRUE,
2019-12-13T13:55:50.000Z,0,0,7874649@N03,Regina Hart,TRUE,GD1-2467,https://live.staticflickr.com/65535/49534406056_5814f453d5_b.jpg,TRUE,
2019-12-13T08:19:28.000Z,0,0,7874649@N03,Regina Hart,TRUE,GD1-2171,https://live.staticflickr.com/65535/49534398166_0f7df7c6b4_b.jpg,TRUE,
2019-12-13T08:19:47.000Z,0,0,7874649@N03,Regina Hart,TRUE,GD1-2173,https://live.staticflickr.com/65535/49534626767_158dab1287_b.jpg,TRUE,
2019-12-13T08:19:36.000Z,0,0,7874649@N03,Regina Hart,TRUE,GD1-2172,https://live.staticflickr.com/65535/49534620887_45dc2c1758_b.jpg,TRUE,
2019-12-13T06:48:55.000Z,0,0,7874649@N03,Regina Hart,TRUE,ED1-1050747,https://live.staticflickr.com/65535/49534617652_ab277146f2_b.jpg,TRUE,
2019-12-13T06:49:06.000Z,0,0,7874649@N03,Regina Hart,TRUE,ED1-1050748,https://live.staticflickr.com/65535/49533894563_5e9e2552f9_b.jpg,TRUE,
2019-12-13T06:49:11.000Z,0,0,7874649@N03,Regina Hart,TRUE,GD1-2109,https://live.staticflickr.com/65535/49534389241_0232eab33a_b.jpg,TRUE,
2019-12-13T06:49:14.000Z,0,0,7874649@N03,Regina Hart,TRUE,ED1-1050749,https://live.staticflickr.com/65535/49534617462_eb7a01a993_b.jpg,TRUE,
2019-12-13T06:52:32.000Z,0,0,7874649@N03,Regina Hart,TRUE,ED1-1050755,https://live.staticflickr.com/65535/49534617267_64354827c2_b.jpg,TRUE,
2019-12-12T12:23:06.000Z,0,0,7874649@N03,Regina Hart,TRUE,GD1-1881,https://live.staticflickr.com/65535/49530588928_f57a7e279e_b.jpg,TRUE,
2019-12-12T12:53:40.000Z,0,0,7874649@N03,Regina Hart,TRUE,GD1-1893,https://live.staticflickr.com/65535/49531089036_8b85378162_b.jpg,TRUE,
2019-12-12T13:00:03.000Z,0,0,7874649@N03,Regina Hart,TRUE,GD1-1902,https://live.staticflickr.com/65535/49530586898_3db030ff44_b.jpg,TRUE,
2019-12-12T13:00:38.000Z,0,0,7874649@N03,Regina Hart,TRUE,GD1-1903,https://live.staticflickr.com/65535/49531312697_83a1ef5ec8_b.jpg,TRUE,
2019-12-12T16:56:05.000Z,0,0,7874649@N03,Regina Hart,TRUE,ED1-1050695,https://live.staticflickr.com/65535/49531285942_474372bb9e_b.jpg,TRUE,
2019-12-12T16:56:08.000Z,0,0,7874649@N03,Regina Hart,TRUE,ED1-1050696,https://live.staticflickr.com/65535/49531285832_ed9da491ee_b.jpg,TRUE,
2019-12-12T16:56:16.000Z,0,0,7874649@N03,Regina Hart,TRUE,ED1-1050697,https://live.staticflickr.com/65535/49531285657_5319b2593b_b.jpg,TRUE,
2019-12-12T16:56:24.000Z,0,0,7874649@N03,Regina Hart,TRUE,GD1-1954,https://live.staticflickr.com/65535/49530559588_1f61b84b0c_b.jpg,TRUE,
2019-12-12T16:58:52.000Z,0,0,7874649@N03,Regina Hart,TRUE,ED1-1050703,https://live.staticflickr.com/65535/49531284492_0ff9e841f8_b.jpg,TRUE,
2019-12-12T16:59:00.000Z,0,0,7874649@N03,Regina Hart,TRUE,ED1-1050704,https://live.staticflickr.com/65535/49531059751_a74e82c8aa_b.jpg,TRUE,
2019-12-12T18:10:39.000Z,0,0,7874649@N03,Regina Hart,TRUE,GD1-2050,https://live.staticflickr.com/65535/49530546633_34e95ba23b_b.jpg,TRUE,
2019-12-12T18:11:10.000Z,0,0,7874649@N03,Regina Hart,TRUE,ED1-1050729,https://live.staticflickr.com/65535/49531047636_a0779196d7_b.jpg,TRUE,
2019-12-12T18:11:32.000Z,0,0,7874649@N03,Regina Hart,TRUE,ED1-1050730,https://live.staticflickr.com/65535/49531271827_5c470ec631_b.jpg,TRUE,
2019-12-12T18:11:38.000Z,0,0,7874649@N03,Regina Hart,TRUE,ED1-1050731,https://live.staticflickr.com/65535/49531047161_fe78505b8a_b.jpg,TRUE,
2019-12-12T18:11:44.000Z,0,0,7874649@N03,Regina Hart,TRUE,GD1-2055,https://live.staticflickr.com/65535/49531271497_cf315ccc88_b.jpg,TRUE,
2019-12-12T18:12:08.000Z,0,0,7874649@N03,Regina Hart,TRUE,GD1-2057,https://live.staticflickr.com/65535/49530545463_2cd90cc16d_b.jpg,TRUE,
2019-12-12T18:12:28.000Z,0,0,7874649@N03,Regina Hart,TRUE,GD1-2058,https://live.staticflickr.com/65535/49530545298_4c4831aa5a_b.jpg,TRUE,
2019-12-12T18:11:44.000Z,0,0,7874649@N03,Regina Hart,TRUE,ED1-1050732,https://live.staticflickr.com/65535/49530539388_83fd2bce62_b.jpg,TRUE,
2019-12-12T12:23:06.000Z,0,0,7874649@N03,Regina Hart,TRUE,GD1-1881,https://live.staticflickr.com/65535/49531233087_daa256dec1_b.jpg,TRUE,
2019-12-12T12:53:40.000Z,0,0,7874649@N03,Regina Hart,TRUE,GD1-1893,https://live.staticflickr.com/65535/49531006961_c8e70c2325_b.jpg,TRUE,
2019-12-12T13:00:03.000Z,0,0,7874649@N03,Regina Hart,TRUE,GD1-1902,https://live.staticflickr.com/65535/49530505293_a7855e39bd_b.jpg,TRUE,
2019-12-12T13:00:38.000Z,0,0,7874649@N03,Regina Hart,TRUE,GD1-1903,https://live.staticflickr.com/65535/49531230672_2edc16acbb_b.jpg,TRUE,
2019-12-12T16:56:05.000Z,0,0,7874649@N03,Regina Hart,TRUE,ED1-1050695,https://live.staticflickr.com/65535/49530997761_8f7ee4a0ca_b.jpg,TRUE,
2019-12-12T16:56:08.000Z,0,0,7874649@N03,Regina Hart,TRUE,ED1-1050696,https://live.staticflickr.com/65535/49530496438_7be19a5877_b.jpg,TRUE,
2019-12-12T16:56:16.000Z,0,0,7874649@N03,Regina Hart,TRUE,ED1-1050697,https://live.staticflickr.com/65535/49530997481_b2e1761cfe_b.jpg,TRUE,
2019-12-12T16:56:24.000Z,0,0,7874649@N03,Regina Hart,TRUE,GD1-1954,https://live.staticflickr.com/65535/49530496113_893ea615f1_b.jpg,TRUE,
2019-12-12T16:58:52.000Z,0,0,7874649@N03,Regina Hart,TRUE,ED1-1050703,https://live.staticflickr.com/65535/49531220812_9b61152f84_b.jpg,TRUE,
2019-12-12T16:59:00.000Z,0,0,7874649@N03,Regina Hart,TRUE,ED1-1050704,https://live.staticflickr.com/65535/49531220547_478035b33e_b.jpg,TRUE,
2019-12-12T18:10:39.000Z,0,0,7874649@N03,Regina Hart,TRUE,GD1-2050,https://live.staticflickr.com/65535/49530484338_fa72ac150a_b.jpg,TRUE,
2019-12-12T18:11:10.000Z,0,0,7874649@N03,Regina Hart,TRUE,ED1-1050729,https://live.staticflickr.com/65535/49530985481_f7c1e503b0_b.jpg,TRUE,
2019-12-12T18:11:32.000Z,0,0,7874649@N03,Regina Hart,TRUE,ED1-1050730,https://live.staticflickr.com/65535/49530985351_93fa8a2986_b.jpg,TRUE,
2019-12-12T18:11:38.000Z,0,0,7874649@N03,Regina Hart,TRUE,ED1-1050731,https://live.staticflickr.com/65535/49530483808_8e51440930_b.jpg,TRUE,
2019-12-12T18:11:44.000Z,0,0,7874649@N03,Regina Hart,TRUE,ED1-1050732,https://live.staticflickr.com/65535/49530985136_ae82bdfb3a_b.jpg,TRUE,
2019-12-12T18:11:44.000Z,0,0,7874649@N03,Regina Hart,TRUE,GD1-2055,https://live.staticflickr.com/65535/49530985011_8e4fa043f1_b.jpg,TRUE,
2019-12-12T18:12:08.000Z,0,0,7874649@N03,Regina Hart,TRUE,GD1-2057,https://live.staticflickr.com/65535/49530483288_50eb7d1360_b.jpg,TRUE,
2019-12-12T18:12:28.000Z,0,0,7874649@N03,Regina Hart,TRUE,GD1-2058,https://live.staticflickr.com/65535/49530483183_b02bb4ef90_b.jpg,TRUE,
2019-12-12T07:47:28.000Z,0,0,7874649@N03,Regina Hart,TRUE,GD1-1691,https://live.staticflickr.com/65535/49530966701_e9266fbb79_b.jpg,TRUE,
2019-12-12T07:47:51.000Z,0,0,7874649@N03,Regina Hart,TRUE,ED1-1050503,https://live.staticflickr.com/65535/49531192187_ea5b07e29e_b.jpg,TRUE,
2019-12-12T07:48:51.000Z,0,0,7874649@N03,Regina Hart,TRUE,GD1-1693,https://live.staticflickr.com/65535/49530464718_ce1ba20a5f_b.jpg,TRUE,
2019-12-11T16:37:47.000Z,0,0,7874649@N03,Regina Hart,TRUE,GD1-1542,https://live.staticflickr.com/65535/49531040877_03af735185_b.jpg,TRUE,
2019-12-11T16:37:53.000Z,0,0,7874649@N03,Regina Hart,TRUE,ED1-1050367,https://live.staticflickr.com/65535/49530815431_f6bf02e5e8_b.jpg,TRUE,
2019-12-11T16:37:54.000Z,0,0,7874649@N03,Regina Hart,TRUE,GD1-1543,https://live.staticflickr.com/65535/49530313348_573d8da2b4_b.jpg,TRUE,
2019-12-11T16:37:58.000Z,0,0,7874649@N03,Regina Hart,TRUE,ED1-1050368,https://live.staticflickr.com/65535/49530313178_c6e145a8b5_b.jpg,TRUE,
2019-12-11T16:38:55.000Z,0,0,7874649@N03,Regina Hart,TRUE,ED1-1050371,https://live.staticflickr.com/65535/49531040182_9d0e319f09_b.jpg,TRUE,
2019-12-11T17:22:23.000Z,0,0,7874649@N03,Regina Hart,TRUE,GD1-1584,https://live.staticflickr.com/65535/49530810281_61e9616277_b.jpg,TRUE,
2019-12-11T17:22:35.000Z,0,0,7874649@N03,Regina Hart,TRUE,GD1-1585,https://live.staticflickr.com/65535/49530810181_5c206024ee_b.jpg,TRUE,
2019-12-11T17:22:38.000Z,0,0,7874649@N03,Regina Hart,TRUE,ED1-1050400,https://live.staticflickr.com/65535/49530308338_65caa801ee_b.jpg,TRUE,
2019-12-11T17:22:47.000Z,0,0,7874649@N03,Regina Hart,TRUE,ED1-1050401,https://live.staticflickr.com/65535/49530809896_7822995539_b.jpg,TRUE,
2019-12-11T17:23:47.000Z,0,0,7874649@N03,Regina Hart,TRUE,ED1-1050402,https://live.staticflickr.com/65535/49530809781_c47717f903_b.jpg,TRUE,
2019-12-11T17:23:50.000Z,0,0,7874649@N03,Regina Hart,TRUE,GD1-1586,https://live.staticflickr.com/65535/49530809611_4bffee6289_b.jpg,TRUE,
2019-12-11T17:24:00.000Z,0,0,7874649@N03,Regina Hart,TRUE,ED1-1050403,https://live.staticflickr.com/65535/49530809521_2900b398c3_b.jpg,TRUE,
2019-12-11T17:24:11.000Z,0,0,7874649@N03,Regina Hart,TRUE,ED1-1050404,https://live.staticflickr.com/65535/49530809436_be0db391b0_b.jpg,TRUE,
2019-12-11T17:24:23.000Z,0,0,7874649@N03,Regina Hart,TRUE,ED1-1050406,https://live.staticflickr.com/65535/49530809326_1cb20d3196_b.jpg,TRUE,
2019-12-11T17:24:27.000Z,0,0,7874649@N03,Regina Hart,TRUE,GD1-1587,https://live.staticflickr.com/65535/49530809176_6001bfb3bb_b.jpg,TRUE,
2019-12-11T17:24:31.000Z,0,0,7874649@N03,Regina Hart,TRUE,GD1-1588,https://live.staticflickr.com/65535/49530809056_542036bf77_b.jpg,TRUE,
2019-12-11T07:31:35.000Z,0,0,7874649@N03,Regina Hart,TRUE,ED1-1050301,https://live.staticflickr.com/65535/49530290883_36a154cd9b_b.jpg,TRUE,
2019-12-11T07:31:41.000Z,0,0,7874649@N03,Regina Hart,TRUE,GD1-1356,https://live.staticflickr.com/65535/49530792501_f1da7cae46_b.jpg,TRUE,
2019-12-11T07:35:10.000Z,0,0,7874649@N03,Regina Hart,TRUE,GD1-1358,https://live.staticflickr.com/65535/49530290413_d72d91cd93_b.jpg,TRUE,
2019-12-10T17:01:46.000Z,0,0,7874649@N03,Regina Hart,TRUE,GD1-1298,https://live.staticflickr.com/65535/49526159203_cac8a3221d_b.jpg,TRUE,
2019-12-10T17:01:55.000Z,0,0,7874649@N03,Regina Hart,TRUE,GD1-1299,https://live.staticflickr.com/65535/49526894342_37e5c15e74_b.jpg,TRUE,
2020-02-02T12:05:52.000Z,0,0,25501326@N02,yuki_alm_misa,TRUE,ã‚¢ãƒŸãƒ¡ã‚­ãƒªãƒ³,https://live.staticflickr.com/65535/49500459233_6c6c6eed6c_b.jpg,unknown,
2019-11-16T13:01:44.000Z,0,0,36502748@N06,desperately seeking,TRUE,Reticulated Giraffe,https://live.staticflickr.com/65535/49487998086_97a4262523_b.jpg,TRUE,
2020-02-02T12:03:34.000Z,0,0,25501326@N02,yuki_alm_misa,TRUE,ã‚¢ãƒŸãƒ¡ã‚­ãƒªãƒ³,https://live.staticflickr.com/65535/49479673138_2ee512fbbe_b.jpg,unknown,
2020-02-02T12:05:54.000Z,0,0,25501326@N02,yuki_alm_misa,TRUE,ã‚¢ãƒŸãƒ¡ã‚­ãƒªãƒ³,https://live.staticflickr.com/65535/49479672963_eea8fd50c3_b.jpg,unknown,
2020-02-02T12:04:52.000Z,0,0,25501326@N02,yuki_alm_misa,TRUE,ã‚¢ãƒŸãƒ¡ã‚­ãƒªãƒ³,https://live.staticflickr.com/65535/49480371607_0d1c99f9b6_b.jpg,unknown,
2020-02-02T12:05:05.000Z,0,0,25501326@N02,yuki_alm_misa,TRUE,ã‚¢ãƒŸãƒ¡ã‚­ãƒªãƒ³,https://live.staticflickr.com/65535/49480151121_b7b77b4884_b.jpg,FALSE,
2020-01-13T23:49:29.000Z,0,0,85759026@N00,eoshea,TRUE,"Reticulated giraffe, Samburu",https://live.staticflickr.com/65535/49474555226_dfdbcfaca4_b.jpg,TRUE,
2019-11-07T04:54:45.000Z,2.501341,37.065124,74501611@N00,Dr DAD (Daniel A D'Auria MD),TRUE,A League of Their Own 8429,https://live.staticflickr.com/65535/49095119467_e751a71ff3_b.jpg,TRUE,
2020-01-16T08:31:16.000Z,0,0,183244340@N04,don.northpointimages,TRUE,K-205a,https://live.staticflickr.com/65535/49395084552_65ab917579_b.jpg,TRUE,
2020-01-16T08:31:12.000Z,0,0,183244340@N04,don.northpointimages,TRUE,K-209a,https://live.staticflickr.com/65535/49394405653_7510ea1703_b.jpg,TRUE,
2020-01-16T08:31:01.000Z,0,0,183244340@N04,don.northpointimages,TRUE,K-250a,https://live.staticflickr.com/65535/49395083497_0e6dfa5147_b.jpg,TRUE,
2019-10-25T15:58:18.000Z,0,0,84152923@N08,MrTDiddy,TRUE,netgiraffe - Giraffa camelopardalis reticulata - reticulated Giraffe,https://live.staticflickr.com/65535/49282208068_4a86c0bfa5_b.jpg,FALSE,
2019-11-07T04:07:40.000Z,0.630327,37.527923,74501611@N00,Dr DAD (Daniel A D'Auria MD),TRUE,Say Cheese! Please?  38W9479,https://live.staticflickr.com/65535/49265086202_2016a8bbec_b.jpg,TRUE,
2019-12-18T13:01:30.000Z,0,0,95007460@N03,Chris Teague Photos,TRUE,Reticulated Giraffe [Adult],https://live.staticflickr.com/65535/49242677088_3cabdbdf67_b.jpg,FALSE,
2019-12-18T13:01:08.000Z,0,0,95007460@N03,Chris Teague Photos,TRUE,Reticulated Giraffe [Adult],https://live.staticflickr.com/65535/49242672673_84741e993d_b.jpg,FALSE,
2019-12-09T12:40:16.000Z,0,0,135100914@N03,shutterbugdancer,TRUE,_MGL1321.jpg,https://live.staticflickr.com/65535/49195666022_52a25de70a_b.jpg,FALSE,
2019-12-09T12:40:15.000Z,0,0,135100914@N03,shutterbugdancer,TRUE,_MGL1318.jpg,https://live.staticflickr.com/65535/49194967818_fdd4ba21fc_b.jpg,FALSE,
2019-12-09T12:40:08.000Z,0,0,135100914@N03,shutterbugdancer,TRUE,_MGL1314.jpg,https://live.staticflickr.com/65535/49194967443_0e8721a901_b.jpg,FALSE,
2019-12-09T12:34:36.000Z,0,0,135100914@N03,shutterbugdancer,TRUE,_MGL1309.jpg,https://live.staticflickr.com/65535/49195664957_19b9eb49e4_b.jpg,FALSE,
2019-12-09T12:10:17.000Z,0,0,135100914@N03,shutterbugdancer,TRUE,_MGL1285.jpg,https://live.staticflickr.com/65535/49195663637_011905ddf5_b.jpg,unknown,
2019-12-09T12:08:34.000Z,0,0,135100914@N03,shutterbugdancer,TRUE,_MGL1279.jpg,https://live.staticflickr.com/65535/49195467436_6ae14b1229_b.jpg,unknown,
2019-12-09T12:06:26.000Z,0,0,135100914@N03,shutterbugdancer,TRUE,_MGL1266.jpg,https://live.staticflickr.com/65535/49195466631_1ec237ce25_b.jpg,unknown,
2019-12-09T12:04:17.000Z,0,0,135100914@N03,shutterbugdancer,TRUE,_MGL1248.jpg,https://live.staticflickr.com/65535/49195466361_267493aa9d_b.jpg,unknown,
2019-12-09T11:22:11.000Z,0,0,135100914@N03,shutterbugdancer,TRUE,_MGL1128.jpg,https://live.staticflickr.com/65535/49195461401_d5b7cc2eed_b.jpg,FALSE,
2019-12-09T11:15:52.000Z,0,0,135100914@N03,shutterbugdancer,TRUE,_MGL1058.jpg,https://live.staticflickr.com/65535/49195456506_1acefb7e16_b.jpg,FALSE,
2019-12-09T11:15:46.000Z,0,0,135100914@N03,shutterbugdancer,TRUE,_MGL1055.jpg,https://live.staticflickr.com/65535/49194954328_c663652a50_b.jpg,unknown,
2019-12-09T11:14:32.000Z,0,0,135100914@N03,shutterbugdancer,TRUE,_MGL1041.jpg,https://live.staticflickr.com/65535/49195454436_f0c66e3eaa_b.jpg,unknown,
2019-12-09T11:14:27.000Z,0,0,135100914@N03,shutterbugdancer,TRUE,_MGL1039.jpg,https://live.staticflickr.com/65535/49195453751_7c81fe2b3b_b.jpg,unknown,
2019-11-16T10:03:44.000Z,25.604108,-80.400792,69036540@N04,RunDani21,TRUE,Somethingâ€™s on my tail,https://live.staticflickr.com/65535/49113351882_0e0f1b9382_b.jpg,FALSE,
2019-11-16T10:00:27.000Z,25.604108,-80.400792,69036540@N04,RunDani21,TRUE,Tower of terror,https://live.staticflickr.com/65535/49113351452_90fdc55458_b.jpg,FALSE,
2019-11-09T11:35:22.000Z,0,0,51973523@N07,Find The Apex,TRUE,Reticulated Giraffe,https://live.staticflickr.com/65535/49058246867_c1325a3c2c_b.jpg,unknown,
2019-11-09T11:28:39.000Z,0,0,51973523@N07,Find The Apex,TRUE,Reticulated Giraffe,https://live.staticflickr.com/65535/49058245357_b42e29a35e_b.jpg,unknown,
2019-07-27T10:13:27.000Z,0,0,62950692@N03,j.a.kok,TRUE,reticilated giraffe Blijdorp 094A0258,https://live.staticflickr.com/65535/48767710341_536a29f0d1_b.jpg,FALSE,
2019-07-27T10:13:27.000Z,0,0,62950692@N03,j.a.kok,TRUE,reticilated giraffe Blijdorp 094A0259,https://live.staticflickr.com/65535/48767709876_8f155861e8_b.jpg,FALSE,
2019-07-27T10:13:26.000Z,0,0,62950692@N03,j.a.kok,TRUE,reticilated giraffe Blijdorp 094A0252,https://live.staticflickr.com/65535/48767372193_44a7e9db87_b.jpg,FALSE,
2019-11-09T11:28:16.000Z,0,0,51973523@N07,Find The Apex,TRUE,Reticulated Giraffe,https://live.staticflickr.com/65535/49057510228_e90d15220d_b.jpg,unknown,
2019-11-09T11:28:16.000Z,0,0,51973523@N07,Find The Apex,TRUE,Reticulated Giraffe,https://live.staticflickr.com/65535/49057509653_d6420a2d8f_b.jpg,unknown,
2019-11-09T11:27:24.000Z,0,0,51973523@N07,Find The Apex,TRUE,Reticulated Giraffe,https://live.staticflickr.com/65535/49057509003_6c334b345a_b.jpg,unknown,
2019-11-09T11:27:24.000Z,0,0,51973523@N07,Find The Apex,TRUE,Reticulated Giraffe,https://live.staticflickr.com/65535/49058019381_c7f46bef49_b.jpg,unknown,
2019-11-09T11:27:18.000Z,0,0,51973523@N07,Find The Apex,TRUE,Reticulated Giraffe,https://live.staticflickr.com/65535/49057455763_6dc1e85028_b.jpg,unknown,
2019-11-09T11:26:04.000Z,0,0,51973523@N07,Find The Apex,TRUE,Reticulated Giraffe,https://live.staticflickr.com/65535/49057454463_7b8f148341_b.jpg,unknown,
2019-11-09T10:27:57.000Z,0,0,51973523@N07,Find The Apex,TRUE,Reticulated Giraffe,https://live.staticflickr.com/65535/49057450363_b4b0487894_b.jpg,FALSE,
2019-11-09T10:27:53.000Z,0,0,51973523@N07,Find The Apex,TRUE,Reticulated Giraffe,https://live.staticflickr.com/65535/49058184372_307184649c_b.jpg,unknown,
2019-08-10T07:10:19.000Z,0,0,51729614@N06,Charles C Russell,TRUE,Reticulated Giraffe,https://live.staticflickr.com/65535/48949192698_f8d5a09017_b.jpg,TRUE,
2019-08-10T22:54:47.000Z,0,0,125349441@N03,lesleymattuchio,TRUE,Reticulated Giraffe,https://live.staticflickr.com/65535/48949333566_dd8e456083_b.jpg,TRUE,
2019-07-07T11:27:40.000Z,37.729859,-122.504482,10299779@N03,HBarrison,TRUE,SFZoo_2019 07 07_0288,https://live.staticflickr.com/65535/48876106458_5e9457692e_b.jpg,FALSE,
2019-07-07T11:40:51.000Z,37.729859,-122.504482,10299779@N03,HBarrison,TRUE,SFZoo_2019 07 07_0296,https://live.staticflickr.com/65535/48876638231_24d31fcf02_b.jpg,FALSE,
2019-07-07T11:41:06.000Z,37.729859,-122.504482,10299779@N03,HBarrison,TRUE,SFZoo_2019 07 07_0297,https://live.staticflickr.com/65535/48876100818_22f5b96af8_b.jpg,FALSE,
2019-07-07T11:42:21.000Z,37.729859,-122.504482,10299779@N03,HBarrison,TRUE,SFZoo_2019 07 07_0304,https://live.staticflickr.com/65535/48876099998_6c646000c2_b.jpg,FALSE,
2019-07-07T11:42:23.000Z,37.729859,-122.504482,10299779@N03,HBarrison,TRUE,SFZoo_2019 07 07_0305,https://live.staticflickr.com/65535/48876635811_a30b76ddc2_b.jpg,FALSE,
2019-07-07T11:42:25.000Z,37.729859,-122.504482,10299779@N03,HBarrison,TRUE,SFZoo_2019 07 07_0306,https://live.staticflickr.com/65535/48876098258_23caa21920_b.jpg,FALSE,
2019-07-07T11:16:36.000Z,37.729859,-122.504482,10299779@N03,HBarrison,TRUE,SFZoo_2019 07 07_0272,https://live.staticflickr.com/65535/48876696612_7c460e366a_b.jpg,FALSE,
2019-09-14T13:16:52.000Z,0,0,74290421@N06,WyoBob48,TRUE,Reticulated Giraffe,https://live.staticflickr.com/65535/48838936888_4bc67139e4_b.jpg,unknown,
2019-09-12T15:08:04.000Z,0,0,133524464@N04,Justlai87,TRUE,Reticulated Giraffe,https://live.staticflickr.com/65535/48835831702_377d801df4_b.jpg,FALSE,
2019-09-25T10:47:56.000Z,0,0,115460974@N07,stephenleady,TRUE,DSC00317 Reticulated Giraffe,https://live.staticflickr.com/65535/48799336357_ef7ebf4bfe_b.jpg,FALSE,
2019-09-25T10:47:59.000Z,0,0,115460974@N07,stephenleady,TRUE,DSC00318 Giraffe Reticulated,https://live.staticflickr.com/65535/48799335122_5411f7a06a_b.jpg,FALSE,
2019-09-25T10:48:06.000Z,0,0,115460974@N07,stephenleady,TRUE,DSC00319   Giraffe Reticulated,https://live.staticflickr.com/65535/48799333737_898a549cca_b.jpg,FALSE,
2019-09-25T10:48:40.000Z,0,0,115460974@N07,stephenleady,TRUE,DSC00321 Giraffe Reticulated,https://live.staticflickr.com/65535/48799331887_b15e62249d_b.jpg,FALSE,
2019-09-25T10:49:32.000Z,0,0,115460974@N07,stephenleady,TRUE,DSC00325 Giraffe Reticulated,https://live.staticflickr.com/65535/48798835263_61f724c721_b.jpg,FALSE,
2019-09-25T10:49:34.000Z,0,0,115460974@N07,stephenleady,TRUE,DSC00326 Giraffe Reticulated,https://live.staticflickr.com/65535/48799182806_0f318b4394_b.jpg,FALSE,
2019-09-24T11:11:29.000Z,0,0,135100914@N03,shutterbugdancer,TRUE,_MGL8876.jpg,https://live.staticflickr.com/65535/48789943496_1b3e8fc13b_b.jpg,FALSE,
2019-09-24T11:11:25.000Z,0,0,135100914@N03,shutterbugdancer,TRUE,_MGL8875.jpg,https://live.staticflickr.com/65535/48790088257_d7038c8b75_b.jpg,FALSE,
2019-09-24T11:10:54.000Z,0,0,135100914@N03,shutterbugdancer,TRUE,_MGL8873.jpg,https://live.staticflickr.com/65535/48789579463_ac6784ecb2_b.jpg,FALSE,
2019-09-24T11:09:11.000Z,0,0,135100914@N03,shutterbugdancer,TRUE,_MGL8860.jpg,https://live.staticflickr.com/65535/48790086817_038f148f37_b.jpg,FALSE,
2019-09-24T11:09:08.000Z,0,0,135100914@N03,shutterbugdancer,TRUE,_MGL8859.jpg,https://live.staticflickr.com/65535/48790085912_a6c391b5d7_b.jpg,FALSE,
2019-09-24T11:08:43.000Z,0,0,135100914@N03,shutterbugdancer,TRUE,_MGL8858.jpg,https://live.staticflickr.com/65535/48790084727_d11b9f6b67_b.jpg,FALSE,
2019-09-24T11:00:23.000Z,0,0,135100914@N03,shutterbugdancer,TRUE,_MGL8844.jpg,https://live.staticflickr.com/65535/48789575778_2c82508b89_b.jpg,FALSE,
2019-09-24T10:58:00.000Z,0,0,135100914@N03,shutterbugdancer,TRUE,_MGL8838.jpg,https://live.staticflickr.com/65535/48789936986_998931ec05_b.jpg,FALSE,
2019-09-24T10:27:20.000Z,0,0,135100914@N03,shutterbugdancer,TRUE,_MGL8792.jpg,https://live.staticflickr.com/65535/48790081957_ff0e1200c1_b.jpg,unknown,
2019-09-24T10:18:08.000Z,0,0,135100914@N03,shutterbugdancer,TRUE,_MGL8765.jpg,https://live.staticflickr.com/65535/48790081367_3c5ac5d6f7_b.jpg,FALSE,
2019-09-24T10:07:48.000Z,0,0,135100914@N03,shutterbugdancer,TRUE,_MGL8715.jpg,https://live.staticflickr.com/65535/48789571463_73aa08aec5_b.jpg,FALSE,
2019-09-24T10:06:55.000Z,0,0,135100914@N03,shutterbugdancer,TRUE,_MGL8703.jpg,https://live.staticflickr.com/65535/48789571088_b66a9f06e4_b.jpg,FALSE,
2019-09-24T10:01:32.000Z,0,0,135100914@N03,shutterbugdancer,TRUE,_MGL8666.jpg,https://live.staticflickr.com/65535/48789933331_25aa501b82_b.jpg,FALSE,
2019-09-24T09:59:24.000Z,0,0,135100914@N03,shutterbugdancer,TRUE,_MGL8649.jpg,https://live.staticflickr.com/65535/48790078727_cf351b7edc_b.jpg,FALSE,
2019-09-24T09:59:15.000Z,0,0,135100914@N03,shutterbugdancer,TRUE,_MGL8643.jpg,https://live.staticflickr.com/65535/48789569688_2096e02e30_b.jpg,FALSE,
2019-09-24T09:57:22.000Z,0,0,135100914@N03,shutterbugdancer,TRUE,_MGL8624.jpg,https://live.staticflickr.com/65535/48789931956_28254bba04_b.jpg,FALSE,
2019-09-24T09:56:52.000Z,0,0,135100914@N03,shutterbugdancer,TRUE,_MGL8612.jpg,https://live.staticflickr.com/65535/48789931431_d6ab4f27e9_b.jpg,FALSE,
2019-09-24T09:56:47.000Z,0,0,135100914@N03,shutterbugdancer,TRUE,Kali and the Baby Girl,https://live.staticflickr.com/65535/48790076832_811aff02af_b.jpg,FALSE,
2019-07-27T10:13:26.000Z,0,0,62950692@N03,j.a.kok,TRUE,reticilated giraffe Blijdorp 094A0251,https://live.staticflickr.com/65535/48767371513_b319c2fe6f_b.jpg,FALSE,
2019-07-27T10:13:18.000Z,0,0,62950692@N03,j.a.kok,TRUE,greater kudu and reticulated giraffe Blijdorp 094A0236,https://live.staticflickr.com/65535/48767707101_fe8a116d2b_b.jpg,FALSE,
2019-07-27T10:13:18.000Z,0,0,62950692@N03,j.a.kok,TRUE,greater kudu and reticulated giraffe Blijdorp 094A0237,https://live.staticflickr.com/65535/48767368703_2e96f56ac2_b.jpg,FALSE,
2019-08-12T09:25:36.000Z,0,0,125349441@N03,lesleymattuchio,TRUE,Reticulated Giraffe scene,https://live.staticflickr.com/65535/48759188012_645789bb04_b.jpg,TRUE,
2019-09-15T09:22:49.000Z,0,0,8666443@N02,msjennywu,TRUE,Reticulated giraffe 1040210,https://live.staticflickr.com/65535/48750939236_e75a017802_b.jpg,FALSE,
2019-09-14T13:02:57.000Z,0,0,96839421@N06,ColourSeeker,TRUE,Reticulated Giraffe,https://live.staticflickr.com/65535/48745548058_852cfac24d_b.jpg,FALSE,
2019-09-14T14:09:33.000Z,51.531473,-2.613694,23746322@N07,DaveGray,TRUE,Reticulated Giraffe ( Giraffa reticulata ),https://live.staticflickr.com/65535/48737592973_d2f3a8b3f5_b.jpg,FALSE,
2019-09-14T14:09:34.000Z,51.531473,-2.613694,23746322@N07,DaveGray,TRUE,Reticulated Giraffe ( Giraffa reticulata ),https://live.staticflickr.com/65535/48738103277_77b915c9b8_b.jpg,FALSE,
2019-09-14T14:11:37.000Z,51.531473,-2.613694,23746322@N07,DaveGray,TRUE,Reticulated Giraffe ( Giraffa reticulata ),https://live.staticflickr.com/65535/48737921176_0d4338298b_b.jpg,FALSE,
2019-09-14T15:26:05.000Z,37.750969,-122.146354,98786855@N08,josejoseph2712,TRUE,Reticulated Giraffe,https://live.staticflickr.com/65535/48735218051_a2061b5842_b.jpg,FALSE,
2019-09-14T11:21:00.000Z,51.531473,-2.61363,23746322@N07,DaveGray,TRUE,Reticulated Giraffe ( Giraffa reticulata ),https://live.staticflickr.com/65535/48733133836_f60af5d9a6_b.jpg,FALSE,
2019-08-12T09:50:21.000Z,0,0,125349441@N03,lesleymattuchio,TRUE,Reticulated Giraffe Family,https://live.staticflickr.com/65535/48726411888_9b9e7dc519_b.jpg,TRUE,
2019-09-08T14:06:56.000Z,52.366522,4.917825,32086739@N02,OurTravelPics.com,TRUE,amsterdam_18_073,https://live.staticflickr.com/65535/48704556773_6723749f89_b.jpg,FALSE,
2019-09-08T14:09:20.000Z,52.366027,4.917891,32086739@N02,OurTravelPics.com,TRUE,amsterdam_18_074,https://live.staticflickr.com/65535/48704890316_121ef84867_b.jpg,FALSE,
2019-08-10T22:58:51.000Z,0,0,125349441@N03,lesleymattuchio,TRUE,Reticulated Giraffes,https://live.staticflickr.com/65535/48687824938_035f447148_b.jpg,TRUE,
2019-08-31T18:20:54.000Z,55.672308,12.519886,164029962@N02,Svermund,TRUE,Giraffe,https://live.staticflickr.com/65535/48665848598_3218399e9b_b.jpg,FALSE,
2019-08-26T11:09:30.000Z,0,0,135100914@N03,shutterbugdancer,TRUE,Beltre eating his watermelon,https://live.staticflickr.com/65535/48655044098_2c49541780_b.jpg,FALSE,
2019-08-26T11:02:31.000Z,0,0,135100914@N03,shutterbugdancer,TRUE,Beltre eating his watermelon,https://live.staticflickr.com/65535/48655043668_a741f6933d_b.jpg,FALSE,
2019-07-19T12:25:11.000Z,0,0,8628862@N05,MTSOfan,TRUE,Reticulated Patterns,https://live.staticflickr.com/65535/48631271648_8703270367_b.jpg,unknown,
2019-08-12T09:27:35.000Z,0,0,125349441@N03,lesleymattuchio,TRUE,Reticulated Giraffes,https://live.staticflickr.com/65535/48613437201_a57bd8080b_b.jpg,TRUE,
2019-06-15T11:59:55.000Z,0,0,11928454@N04,pastough,TRUE,IMG_4149.jpg,https://live.staticflickr.com/65535/48580860461_5625fbd194_b.jpg,FALSE,
2019-08-12T09:59:56.000Z,0,0,125349441@N03,lesleymattuchio,TRUE,Reticulated Giraffe and his two offspring.,https://live.staticflickr.com/65535/48550530516_29eb34ce4f_b.jpg,TRUE,
2019-08-15T12:37:47.000Z,0,0,139979959@N05,LadyRaptor,TRUE,Giraffes ðŸ˜œ,https://live.staticflickr.com/65535/48545367466_99198fd12b_b.jpg,unknown,
2019-08-08T13:57:17.000Z,52.365989,4.916242,30733371@N00,spotter_nl,TRUE,Netgiraffe (Somali giraffe),https://live.staticflickr.com/65535/48530967486_5f92ee2261_b.jpg,FALSE,
2019-07-31T11:39:06.000Z,48.804793,9.20838,125057668@N02,Paul MOINE,TRUE,Girafe rÃ©ticulÃ©e (Giraffa camelopardalis reticulata),https://live.staticflickr.com/65535/48529414942_8ec609a5e6_b.jpg,FALSE,
2019-08-12T12:39:33.000Z,0,0,25501326@N02,yuki_alm_misa,TRUE,ã‚¢ãƒŸãƒ¡ã‚­ãƒªãƒ³,https://live.staticflickr.com/65535/48519243176_56d0abe96f_b.jpg,FALSE,
2019-08-11T14:09:28.000Z,51.577283,5.935722,32086739@N02,OurTravelPics.com,TRUE,overloon_159,https://live.staticflickr.com/65535/48518211422_142558ae4b_b.jpg,FALSE,
2019-08-11T14:16:51.000Z,51.578969,5.9335,32086739@N02,OurTravelPics.com,TRUE,overloon_168,https://live.staticflickr.com/65535/48518211242_0d99134028_b.jpg,FALSE,
2019-08-11T14:21:04.000Z,51.577072,5.935541,32086739@N02,OurTravelPics.com,TRUE,overloon_171,https://live.staticflickr.com/65535/48518211207_d4d8dde4e0_b.jpg,FALSE,
2019-08-11T14:50:34.000Z,51.577763,5.936113,32086739@N02,OurTravelPics.com,TRUE,overloon_203,https://live.staticflickr.com/65535/48518210497_900a3bb706_b.jpg,FALSE,
2019-08-11T14:59:00.000Z,51.577652,5.936094,32086739@N02,OurTravelPics.com,TRUE,overloon_205,https://live.staticflickr.com/65535/48518037761_34b194b960_b.jpg,FALSE,
2019-07-30T10:18:46.000Z,48.995839,8.400777,125057668@N02,Paul MOINE,TRUE,Girafe rÃ©ticulÃ©e (Giraffa camelopardalis reticulata),https://live.staticflickr.com/65535/48495705777_e0d9624e83_b.jpg,FALSE,
2019-07-30T10:18:54.000Z,48.995839,8.400777,125057668@N02,Paul MOINE,TRUE,Girafe rÃ©ticulÃ©e (Giraffa camelopardalis reticulata),https://live.staticflickr.com/65535/48495702172_ebc74d48c5_b.jpg,FALSE,
2019-06-23T04:40:56.000Z,0,0,182317187@N07,jody.adams127,TRUE,6-23-19 Lewa Reticulated Giraffe,https://live.staticflickr.com/65535/48457154296_1589721c7c_b.jpg,TRUE,
2019-06-19T09:56:56.000Z,0,0,182317187@N07,jody.adams127,TRUE,6-19-19 Lewa Reticulated Giraffe Eating 1,https://live.staticflickr.com/65535/48457013641_ed160ee367_b.jpg,TRUE,
2019-06-18T03:59:42.000Z,0,0,182317187@N07,jody.adams127,TRUE,6-18-19 Lewa Reticulated Giraffe 1,https://live.staticflickr.com/65535/48456950356_5d084eca0c_b.jpg,TRUE,
2019-07-19T06:25:36.000Z,0,0,39597344@N00,zoescat06,TRUE,Reticulated giraffe.,https://live.staticflickr.com/65535/48440350541_5d51473ee3_b.jpg,unknown,
2019-07-22T12:18:58.000Z,0,0,75939941@N00,Malcolm Edwards,TRUE,Whipsnade Zoo,https://live.staticflickr.com/65535/48360735092_509939ec4b_b.jpg,FALSE,
2019-07-22T12:20:46.000Z,0,0,75939941@N00,Malcolm Edwards,TRUE,Whipsnade Zoo,https://live.staticflickr.com/65535/48360734992_9d4f0c6742_b.jpg,FALSE,
2019-07-22T12:30:27.000Z,0,0,75939941@N00,Malcolm Edwards,TRUE,Whipsnade Zoo,https://live.staticflickr.com/65535/48360734862_8294061d2e_b.jpg,FALSE,
2019-07-22T12:31:32.000Z,0,0,75939941@N00,Malcolm Edwards,TRUE,Whipsnade Zoo,https://live.staticflickr.com/65535/48360596826_5b3f56ac21_b.jpg,FALSE,
2019-07-22T12:31:41.000Z,0,0,75939941@N00,Malcolm Edwards,TRUE,Whipsnade Zoo,https://live.staticflickr.com/65535/48360734467_564f99c664_b.jpg,FALSE,
2019-07-22T12:32:35.000Z,0,0,75939941@N00,Malcolm Edwards,TRUE,Whipsnade Zoo,https://live.staticflickr.com/65535/48360596586_0230f50c89_b.jpg,FALSE,
2019-07-08T14:55:26.000Z,0,0,10485077@N06,edenpictures,TRUE,Giraffes II,https://live.staticflickr.com/65535/48264376587_be2371a402_b.jpg,FALSE,
2019-07-08T15:32:56.000Z,0,0,10485077@N06,edenpictures,TRUE,Giraffe Encounter,https://live.staticflickr.com/65535/48264297441_c0784a9094_b.jpg,FALSE,
2019-07-08T17:13:46.000Z,0,0,84152923@N08,MrTDiddy,TRUE,netgiraffe - Giraffa camelopardalis reticulata - reticulated Giraffe,https://live.staticflickr.com/65535/48263331976_a9298d2e30_b.jpg,FALSE,
2019-07-08T17:15:24.000Z,0,0,84152923@N08,MrTDiddy,TRUE,netgiraffe - Giraffa camelopardalis reticulata - reticulated Giraffe,https://live.staticflickr.com/65535/48263330866_f473bd488c_b.jpg,FALSE,
2019-07-08T15:39:56.000Z,0,0,144639257@N06,Wibble46,TRUE,"Africa Alive, Kessingland.",https://live.staticflickr.com/65535/48251662072_565db41d6e_b.jpg,FALSE,
2019-06-30T19:24:28.000Z,0,0,81136099@N04,Mark Vukovich,TRUE,Two male Reticulated giraffes neck-sparring.,https://live.staticflickr.com/31337/48165412456_32377b6b65_b.jpg,TRUE,