,url,ret_giraffe_general_wild_status,ret_giraffe_general_africa_bbox_wild_status,ret_giraffe_general_multilingual_wild_status,ret_giraffe_general_multilingual_africa_bbox_wild_status,ret_giraffe_specific_wild_status,ret_giraffe_specific_africa_bbox_wild_status,wild_status_checked
0,https://live.staticflickr.com/31337/48165412456_32377b6b65_b.jpg,,,,,True,,True
1,https://live.staticflickr.com/31337/49483389511_a043c739da_b.jpg,,,True,,,,True
2,https://live.staticflickr.com/65535/48012362936_55824e59b7_b.jpg,,,True,,,,True
3,https://live.staticflickr.com/65535/48018030783_598eec9ed5_b.jpg,,,True,,,,True
4,https://live.staticflickr.com/65535/48251662072_565db41d6e_b.jpg,,,,,False,,True
5,https://live.staticflickr.com/65535/48263330866_f473bd488c_b.jpg,,,,,False,,True
6,https://live.staticflickr.com/65535/48263331976_a9298d2e30_b.jpg,,,,,False,,True
7,https://live.staticflickr.com/65535/48264297441_c0784a9094_b.jpg,,,,,False,,True
8,https://live.staticflickr.com/65535/48264376587_be2371a402_b.jpg,,,,,False,,True
9,https://live.staticflickr.com/65535/48338181396_64e4ec455e_b.jpg,,True,,,,,True
10,https://live.staticflickr.com/65535/48338183006_ea3a74be78_b.jpg,,True,,,,,True
11,https://live.staticflickr.com/65535/48338194037_eb4e59af22_b.jpg,,True,,,,,True
12,https://live.staticflickr.com/65535/48338195332_d0fdc34ca6_b.jpg,,True,,,,,True
13,https://live.staticflickr.com/65535/48360596586_0230f50c89_b.jpg,,,,,False,,True
14,https://live.staticflickr.com/65535/48360596826_5b3f56ac21_b.jpg,,,,,False,,True
15,https://live.staticflickr.com/65535/48360734467_564f99c664_b.jpg,,,,,False,,True
16,https://live.staticflickr.com/65535/48360734862_8294061d2e_b.jpg,,,,,False,,True
17,https://live.staticflickr.com/65535/48360734992_9d4f0c6742_b.jpg,,,,,False,,True
18,https://live.staticflickr.com/65535/48360735092_509939ec4b_b.jpg,,,,,False,,True
19,https://live.staticflickr.com/65535/48440350541_5d51473ee3_b.jpg,,,,,unknown,,True
20,https://live.staticflickr.com/65535/48456950356_5d084eca0c_b.jpg,,,,,True,,True
21,https://live.staticflickr.com/65535/48457013641_ed160ee367_b.jpg,,,,,True,,True
22,https://live.staticflickr.com/65535/48457154296_1589721c7c_b.jpg,,,,,True,,True
23,https://live.staticflickr.com/65535/48461307651_36d2c6807e_b.jpg,,,False,,,,True
24,https://live.staticflickr.com/65535/48495702172_ebc74d48c5_b.jpg,,,False,,False,,True
25,https://live.staticflickr.com/65535/48495705777_e0d9624e83_b.jpg,,,False,,False,,True
26,https://live.staticflickr.com/65535/48518037761_34b194b960_b.jpg,,,,,False,,True
27,https://live.staticflickr.com/65535/48518210497_900a3bb706_b.jpg,,,,,False,,True
28,https://live.staticflickr.com/65535/48518211207_d4d8dde4e0_b.jpg,,,,,False,,True
29,https://live.staticflickr.com/65535/48518211242_0d99134028_b.jpg,,,,,False,,True
30,https://live.staticflickr.com/65535/48518211422_142558ae4b_b.jpg,,,,,False,,True
31,https://live.staticflickr.com/65535/48519243176_56d0abe96f_b.jpg,,,,,False,,True
32,https://live.staticflickr.com/65535/48529414942_8ec609a5e6_b.jpg,,,0,,False,,True
33,https://live.staticflickr.com/65535/48530967486_5f92ee2261_b.jpg,,,,,False,,True
34,https://live.staticflickr.com/65535/48539314037_11e4089149_b.jpg,,,unknown,,,,True
35,https://live.staticflickr.com/65535/48545367466_99198fd12b_b.jpg,,,,,unknown,,True
36,https://live.staticflickr.com/65535/48550530516_29eb34ce4f_b.jpg,,,,,True,,True
37,https://live.staticflickr.com/65535/48580860461_5625fbd194_b.jpg,,,,,False,,True
38,https://live.staticflickr.com/65535/48613437201_a57bd8080b_b.jpg,,,,,True,,True
39,https://live.staticflickr.com/65535/48631271648_8703270367_b.jpg,,,,,unknown,,True
40,https://live.staticflickr.com/65535/48655043668_a741f6933d_b.jpg,,,,,False,,True
41,https://live.staticflickr.com/65535/48655044098_2c49541780_b.jpg,,,,,False,,True
42,https://live.staticflickr.com/65535/48665848598_3218399e9b_b.jpg,,,,,False,,True
43,https://live.staticflickr.com/65535/48687824938_035f447148_b.jpg,,,,,True,,True
44,https://live.staticflickr.com/65535/48704556773_6723749f89_b.jpg,,,,,False,,True
45,https://live.staticflickr.com/65535/48704890316_121ef84867_b.jpg,,,,,False,,True
46,https://live.staticflickr.com/65535/48723472366_b185178399_b.jpg,,,False,,,,True
47,https://live.staticflickr.com/65535/48726411888_9b9e7dc519_b.jpg,,,,,True,,True
48,https://live.staticflickr.com/65535/48733133836_f60af5d9a6_b.jpg,,,,,False,,True
49,https://live.staticflickr.com/65535/48735218051_a2061b5842_b.jpg,,,,,False,,True
50,https://live.staticflickr.com/65535/48737592973_d2f3a8b3f5_b.jpg,,,,,False,,True
51,https://live.staticflickr.com/65535/48737921176_0d4338298b_b.jpg,,,,,False,,True
52,https://live.staticflickr.com/65535/48738103277_77b915c9b8_b.jpg,,,,,False,,True
53,https://live.staticflickr.com/65535/48745548058_852cfac24d_b.jpg,,,,,False,,True
54,https://live.staticflickr.com/65535/48750939236_e75a017802_b.jpg,,,,,False,,True
55,https://live.staticflickr.com/65535/48759188012_645789bb04_b.jpg,,,,,True,,True
56,https://live.staticflickr.com/65535/48767368703_2e96f56ac2_b.jpg,,,,,False,,True
57,https://live.staticflickr.com/65535/48767371513_b319c2fe6f_b.jpg,,,,,False,,True
58,https://live.staticflickr.com/65535/48767372193_44a7e9db87_b.jpg,,,,,False,,True
59,https://live.staticflickr.com/65535/48767707101_fe8a116d2b_b.jpg,,,,,False,,True
60,https://live.staticflickr.com/65535/48767709876_8f155861e8_b.jpg,,,,,False,,True
61,https://live.staticflickr.com/65535/48767710341_536a29f0d1_b.jpg,,,,,False,,True
62,https://live.staticflickr.com/65535/48789569688_2096e02e30_b.jpg,,,,,False,,True
63,https://live.staticflickr.com/65535/48789571088_b66a9f06e4_b.jpg,,,,,False,,True
64,https://live.staticflickr.com/65535/48789571463_73aa08aec5_b.jpg,,,,,False,,True
65,https://live.staticflickr.com/65535/48789575778_2c82508b89_b.jpg,,,,,False,,True
66,https://live.staticflickr.com/65535/48789579463_ac6784ecb2_b.jpg,,,,,False,,True
67,https://live.staticflickr.com/65535/48789931431_d6ab4f27e9_b.jpg,,,,,False,,True
68,https://live.staticflickr.com/65535/48789931956_28254bba04_b.jpg,,,,,False,,True
69,https://live.staticflickr.com/65535/48789933331_25aa501b82_b.jpg,,,,,False,,True
70,https://live.staticflickr.com/65535/48789936986_998931ec05_b.jpg,,,,,False,,True
71,https://live.staticflickr.com/65535/48789943496_1b3e8fc13b_b.jpg,,,,,False,,True
72,https://live.staticflickr.com/65535/48790076832_811aff02af_b.jpg,,,,,False,,True
73,https://live.staticflickr.com/65535/48790078727_cf351b7edc_b.jpg,,,,,False,,True
74,https://live.staticflickr.com/65535/48790081367_3c5ac5d6f7_b.jpg,,,,,False,,True
75,https://live.staticflickr.com/65535/48790081957_ff0e1200c1_b.jpg,,,,,unknown,,True
76,https://live.staticflickr.com/65535/48790084727_d11b9f6b67_b.jpg,,,,,False,,True
77,https://live.staticflickr.com/65535/48790085912_a6c391b5d7_b.jpg,,,,,False,,True
78,https://live.staticflickr.com/65535/48790086817_038f148f37_b.jpg,,,,,False,,True
79,https://live.staticflickr.com/65535/48790088257_d7038c8b75_b.jpg,,,,,False,,True
80,https://live.staticflickr.com/65535/48798835263_61f724c721_b.jpg,,,,,False,,True
81,https://live.staticflickr.com/65535/48799182806_0f318b4394_b.jpg,,,,,False,,True
82,https://live.staticflickr.com/65535/48799331887_b15e62249d_b.jpg,,,,,False,,True
83,https://live.staticflickr.com/65535/48799333737_898a549cca_b.jpg,,,,,False,,True
84,https://live.staticflickr.com/65535/48799335122_5411f7a06a_b.jpg,,,,,False,,True
85,https://live.staticflickr.com/65535/48799336357_ef7ebf4bfe_b.jpg,,,,,False,,True
86,https://live.staticflickr.com/65535/48835831702_377d801df4_b.jpg,,,,,False,,True
87,https://live.staticflickr.com/65535/48838936888_4bc67139e4_b.jpg,,,,,unknown,,True
88,https://live.staticflickr.com/65535/48838936918_94c9641b73_b.jpg,,True,,,,,True
89,https://live.staticflickr.com/65535/48876098258_23caa21920_b.jpg,,,,,False,,True
90,https://live.staticflickr.com/65535/48876099998_6c646000c2_b.jpg,,,,,False,,True
91,https://live.staticflickr.com/65535/48876100818_22f5b96af8_b.jpg,,,,,False,,True
92,https://live.staticflickr.com/65535/48876106458_5e9457692e_b.jpg,,,,,False,,True
93,https://live.staticflickr.com/65535/48876635811_a30b76ddc2_b.jpg,,,,,False,,True
94,https://live.staticflickr.com/65535/48876638231_24d31fcf02_b.jpg,,,,,False,,True
95,https://live.staticflickr.com/65535/48876696612_7c460e366a_b.jpg,,,,,False,,True
96,https://live.staticflickr.com/65535/48949192698_f8d5a09017_b.jpg,,,,,True,,True
97,https://live.staticflickr.com/65535/48949333566_dd8e456083_b.jpg,,,,,True,,True
98,https://live.staticflickr.com/65535/49008295623_838f1b6620_b.jpg,,True,,,,,True
99,https://live.staticflickr.com/65535/49057450363_b4b0487894_b.jpg,,,,,False,,True
100,https://live.staticflickr.com/65535/49057454463_7b8f148341_b.jpg,,,,,unknown,,True
101,https://live.staticflickr.com/65535/49057455763_6dc1e85028_b.jpg,,,,,unknown,,True
102,https://live.staticflickr.com/65535/49057509003_6c334b345a_b.jpg,,,,,unknown,,True
103,https://live.staticflickr.com/65535/49057509653_d6420a2d8f_b.jpg,,,,,unknown,,True
104,https://live.staticflickr.com/65535/49057510228_e90d15220d_b.jpg,,,,,unknown,,True
105,https://live.staticflickr.com/65535/49058019381_c7f46bef49_b.jpg,,,,,unknown,,True
106,https://live.staticflickr.com/65535/49058184372_307184649c_b.jpg,,,,,unknown,,True
107,https://live.staticflickr.com/65535/49058245357_b42e29a35e_b.jpg,,,,,unknown,,True
108,https://live.staticflickr.com/65535/49058246867_c1325a3c2c_b.jpg,,,,,unknown,,True
109,https://live.staticflickr.com/65535/49095119467_e751a71ff3_b.jpg,,,,,True,,True
110,https://live.staticflickr.com/65535/49113351452_90fdc55458_b.jpg,,,,,False,,True
111,https://live.staticflickr.com/65535/49113351882_0e0f1b9382_b.jpg,,,,,False,,True
112,https://live.staticflickr.com/65535/49137138508_36ffd71d6d_b.jpg,,,True,,,,True
113,https://live.staticflickr.com/65535/49194954328_c663652a50_b.jpg,,,,,unknown,,True
114,https://live.staticflickr.com/65535/49194967443_0e8721a901_b.jpg,,,,,False,,True
115,https://live.staticflickr.com/65535/49194967818_fdd4ba21fc_b.jpg,,,,,False,,True
116,https://live.staticflickr.com/65535/49195453751_7c81fe2b3b_b.jpg,,,,,unknown,,True
117,https://live.staticflickr.com/65535/49195454436_f0c66e3eaa_b.jpg,,,,,unknown,,True
118,https://live.staticflickr.com/65535/49195456506_1acefb7e16_b.jpg,,,,,False,,True
119,https://live.staticflickr.com/65535/49195461401_d5b7cc2eed_b.jpg,,,,,False,,True
120,https://live.staticflickr.com/65535/49195466361_267493aa9d_b.jpg,,,,,unknown,,True
121,https://live.staticflickr.com/65535/49195466631_1ec237ce25_b.jpg,,,,,unknown,,True
122,https://live.staticflickr.com/65535/49195467436_6ae14b1229_b.jpg,,,,,unknown,,True
123,https://live.staticflickr.com/65535/49195663637_011905ddf5_b.jpg,,,,,unknown,,True
124,https://live.staticflickr.com/65535/49195664957_19b9eb49e4_b.jpg,,,,,False,,True
125,https://live.staticflickr.com/65535/49195666022_52a25de70a_b.jpg,,,,,False,,True
126,https://live.staticflickr.com/65535/49242672673_84741e993d_b.jpg,,,,,False,,True
127,https://live.staticflickr.com/65535/49242677088_3cabdbdf67_b.jpg,,,,,False,,True
128,https://live.staticflickr.com/65535/49265086202_2016a8bbec_b.jpg,,,,,True,,True
129,https://live.staticflickr.com/65535/49282208068_4a86c0bfa5_b.jpg,,,,,False,,True
130,https://live.staticflickr.com/65535/49332814553_b339748c75_b.jpg,,,False,,,,True
131,https://live.staticflickr.com/65535/49333074287_bba88bc230_b.jpg,,,False,,,,True
132,https://live.staticflickr.com/65535/49394405653_7510ea1703_b.jpg,,,,,True,,True
133,https://live.staticflickr.com/65535/49395083497_0e6dfa5147_b.jpg,,,,,True,,True
134,https://live.staticflickr.com/65535/49395084552_65ab917579_b.jpg,,,,,True,,True
135,https://live.staticflickr.com/65535/49421095592_557e601ebd_b.jpg,,,True,,,,True
136,https://live.staticflickr.com/65535/49421095782_b9e4c3da85_b.jpg,,,True,,,,True
137,https://live.staticflickr.com/65535/49430428973_eee40ae641_b.jpg,,,True,,,,True
138,https://live.staticflickr.com/65535/49430903481_6d0b70a2c5_b.jpg,,,True,,,,True
139,https://live.staticflickr.com/65535/49461025831_ea5e117e8f_b.jpg,,,True,,,,True
140,https://live.staticflickr.com/65535/49474555226_dfdbcfaca4_b.jpg,,,,,True,,True
141,https://live.staticflickr.com/65535/49479672963_eea8fd50c3_b.jpg,,,,,unknown,,True
142,https://live.staticflickr.com/65535/49479673138_2ee512fbbe_b.jpg,,,,,unknown,,True
143,https://live.staticflickr.com/65535/49480151121_b7b77b4884_b.jpg,,,,,False,,True
144,https://live.staticflickr.com/65535/49480371607_0d1c99f9b6_b.jpg,,,,,unknown,,True
145,https://live.staticflickr.com/65535/49487998086_97a4262523_b.jpg,,,,,True,,True
146,https://live.staticflickr.com/65535/49500459233_6c6c6eed6c_b.jpg,,,,,unknown,,True
147,https://live.staticflickr.com/65535/49526159203_cac8a3221d_b.jpg,,,,,True,,True
148,https://live.staticflickr.com/65535/49526894342_37e5c15e74_b.jpg,,,,,True,,True
149,https://live.staticflickr.com/65535/49530290413_d72d91cd93_b.jpg,,,,,True,,True
150,https://live.staticflickr.com/65535/49530290883_36a154cd9b_b.jpg,,,,,True,,True
151,https://live.staticflickr.com/65535/49530308338_65caa801ee_b.jpg,,,,,True,,True
152,https://live.staticflickr.com/65535/49530313178_c6e145a8b5_b.jpg,,,,,True,,True
153,https://live.staticflickr.com/65535/49530313348_573d8da2b4_b.jpg,,,,,True,,True
154,https://live.staticflickr.com/65535/49530464718_ce1ba20a5f_b.jpg,,,,,True,,True
155,https://live.staticflickr.com/65535/49530483183_b02bb4ef90_b.jpg,,,,,True,,True
156,https://live.staticflickr.com/65535/49530483288_50eb7d1360_b.jpg,,,,,True,,True
157,https://live.staticflickr.com/65535/49530483808_8e51440930_b.jpg,,,,,True,,True
158,https://live.staticflickr.com/65535/49530484338_fa72ac150a_b.jpg,,,,,True,,True
159,https://live.staticflickr.com/65535/49530496113_893ea615f1_b.jpg,,,,,True,,True
160,https://live.staticflickr.com/65535/49530496438_7be19a5877_b.jpg,,,,,True,,True
161,https://live.staticflickr.com/65535/49530505293_a7855e39bd_b.jpg,,,,,True,,True
162,https://live.staticflickr.com/65535/49530539388_83fd2bce62_b.jpg,,,,,True,,True
163,https://live.staticflickr.com/65535/49530545298_4c4831aa5a_b.jpg,,,,,True,,True
164,https://live.staticflickr.com/65535/49530545463_2cd90cc16d_b.jpg,,,,,True,,True
165,https://live.staticflickr.com/65535/49530546633_34e95ba23b_b.jpg,,,,,True,,True
166,https://live.staticflickr.com/65535/49530559588_1f61b84b0c_b.jpg,,,,,True,,True
167,https://live.staticflickr.com/65535/49530586898_3db030ff44_b.jpg,,,,,True,,True
168,https://live.staticflickr.com/65535/49530588928_f57a7e279e_b.jpg,,,,,True,,True
169,https://live.staticflickr.com/65535/49530792501_f1da7cae46_b.jpg,,,,,True,,True
170,https://live.staticflickr.com/65535/49530809056_542036bf77_b.jpg,,,,,True,,True
171,https://live.staticflickr.com/65535/49530809176_6001bfb3bb_b.jpg,,,,,True,,True
172,https://live.staticflickr.com/65535/49530809326_1cb20d3196_b.jpg,,,,,True,,True
173,https://live.staticflickr.com/65535/49530809436_be0db391b0_b.jpg,,,,,True,,True
174,https://live.staticflickr.com/65535/49530809521_2900b398c3_b.jpg,,,,,True,,True
175,https://live.staticflickr.com/65535/49530809611_4bffee6289_b.jpg,,,,,True,,True
176,https://live.staticflickr.com/65535/49530809781_c47717f903_b.jpg,,,,,True,,True
177,https://live.staticflickr.com/65535/49530809896_7822995539_b.jpg,,,,,True,,True
178,https://live.staticflickr.com/65535/49530810181_5c206024ee_b.jpg,,,,,True,,True
179,https://live.staticflickr.com/65535/49530810281_61e9616277_b.jpg,,,,,True,,True
180,https://live.staticflickr.com/65535/49530815431_f6bf02e5e8_b.jpg,,,,,True,,True
181,https://live.staticflickr.com/65535/49530966701_e9266fbb79_b.jpg,,,,,True,,True
182,https://live.staticflickr.com/65535/49530985011_8e4fa043f1_b.jpg,,,,,True,,True
183,https://live.staticflickr.com/65535/49530985136_ae82bdfb3a_b.jpg,,,,,True,,True
184,https://live.staticflickr.com/65535/49530985351_93fa8a2986_b.jpg,,,,,True,,True
185,https://live.staticflickr.com/65535/49530985481_f7c1e503b0_b.jpg,,,,,True,,True
186,https://live.staticflickr.com/65535/49530997481_b2e1761cfe_b.jpg,,,,,True,,True
187,https://live.staticflickr.com/65535/49530997761_8f7ee4a0ca_b.jpg,,,,,True,,True
188,https://live.staticflickr.com/65535/49531006961_c8e70c2325_b.jpg,,,,,True,,True
189,https://live.staticflickr.com/65535/49531040182_9d0e319f09_b.jpg,,,,,True,,True
190,https://live.staticflickr.com/65535/49531040877_03af735185_b.jpg,,,,,True,,True
191,https://live.staticflickr.com/65535/49531047161_fe78505b8a_b.jpg,,,,,True,,True
192,https://live.staticflickr.com/65535/49531047636_a0779196d7_b.jpg,,,,,True,,True
193,https://live.staticflickr.com/65535/49531059751_a74e82c8aa_b.jpg,,,,,True,,True
194,https://live.staticflickr.com/65535/49531089036_8b85378162_b.jpg,,,,,True,,True
195,https://live.staticflickr.com/65535/49531192187_ea5b07e29e_b.jpg,,,,,True,,True
196,https://live.staticflickr.com/65535/49531220547_478035b33e_b.jpg,,,,,True,,True
197,https://live.staticflickr.com/65535/49531220812_9b61152f84_b.jpg,,,,,True,,True
198,https://live.staticflickr.com/65535/49531230672_2edc16acbb_b.jpg,,,,,True,,True
199,https://live.staticflickr.com/65535/49531233087_daa256dec1_b.jpg,,,,,True,,True
200,https://live.staticflickr.com/65535/49531271497_cf315ccc88_b.jpg,,,,,True,,True
201,https://live.staticflickr.com/65535/49531271827_5c470ec631_b.jpg,,,,,True,,True
202,https://live.staticflickr.com/65535/49531284492_0ff9e841f8_b.jpg,,,,,True,,True
203,https://live.staticflickr.com/65535/49531285657_5319b2593b_b.jpg,,,,,True,,True
204,https://live.staticflickr.com/65535/49531285832_ed9da491ee_b.jpg,,,,,True,,True
205,https://live.staticflickr.com/65535/49531285942_474372bb9e_b.jpg,,,,,True,,True
206,https://live.staticflickr.com/65535/49531312697_83a1ef5ec8_b.jpg,,,,,True,,True
207,https://live.staticflickr.com/65535/49533894563_5e9e2552f9_b.jpg,,,,,True,,True
208,https://live.staticflickr.com/65535/49533912363_ef5a7f5dc1_b.jpg,,,,,True,,True
209,https://live.staticflickr.com/65535/49533913383_c5c495aea2_b.jpg,,,,,True,,True
210,https://live.staticflickr.com/65535/49533913603_db799ff6aa_b.jpg,,,,,True,,True
211,https://live.staticflickr.com/65535/49533913658_f885672557_b.jpg,,,,,True,,True
212,https://live.staticflickr.com/65535/49533913728_d407d8ffa0_b.jpg,,,,,True,,True
213,https://live.staticflickr.com/65535/49533913823_4663ec4907_b.jpg,,,,,True,,True
214,https://live.staticflickr.com/65535/49533913913_1fa90f3954_b.jpg,,,,,True,,True
215,https://live.staticflickr.com/65535/49533913953_c2e0ec79de_b.jpg,,,,,True,,True
216,https://live.staticflickr.com/65535/49533914168_0dd3a69383_b.jpg,,,,,True,,True
217,https://live.staticflickr.com/65535/49533914348_170376bf17_b.jpg,,,,,True,,True
218,https://live.staticflickr.com/65535/49533914433_fd36141f46_b.jpg,,,,,True,,True
219,https://live.staticflickr.com/65535/49533915038_97358ef9ff_b.jpg,,,,,True,,True
220,https://live.staticflickr.com/65535/49533915508_6bbb6e559f_b.jpg,,,,,True,,True
221,https://live.staticflickr.com/65535/49533916943_f2dc817c13_b.jpg,,,,,True,,True
222,https://live.staticflickr.com/65535/49533928178_334b9085ff_b.jpg,,,,,True,,True
223,https://live.staticflickr.com/65535/49534389241_0232eab33a_b.jpg,,,,,True,,True
224,https://live.staticflickr.com/65535/49534398166_0f7df7c6b4_b.jpg,,,,,True,,True
225,https://live.staticflickr.com/65535/49534406056_5814f453d5_b.jpg,,,,,True,,True
226,https://live.staticflickr.com/65535/49534406731_584a402948_b.jpg,,,,,True,,True
227,https://live.staticflickr.com/65535/49534407846_0e8b6fde9b_b.jpg,,,,,True,,True
228,https://live.staticflickr.com/65535/49534407901_88b206fbd1_b.jpg,,,,,True,,True
229,https://live.staticflickr.com/65535/49534408096_56b2ec1ff5_b.jpg,,,,,True,,True
230,https://live.staticflickr.com/65535/49534408206_70102cbd09_b.jpg,,,,,True,,True
231,https://live.staticflickr.com/65535/49534408401_378b8a2135_b.jpg,,,,,True,,True
232,https://live.staticflickr.com/65535/49534408551_304e6a6779_b.jpg,,,,,True,,True
233,https://live.staticflickr.com/65535/49534408611_6cff77c11c_b.jpg,,,,,True,,True
234,https://live.staticflickr.com/65535/49534409806_d9e6db9a80_b.jpg,,,,,True,,True
235,https://live.staticflickr.com/65535/49534409861_81355728e9_b.jpg,,,,,True,,True
236,https://live.staticflickr.com/65535/49534410051_0c02c1ea36_b.jpg,,,,,True,,True
237,https://live.staticflickr.com/65535/49534410116_c888861419_b.jpg,,,,,True,,True
238,https://live.staticflickr.com/65535/49534410286_1fe864f3c0_b.jpg,,,,,True,,True
239,https://live.staticflickr.com/65535/49534410366_caab353210_b.jpg,,,,,True,,True
240,https://live.staticflickr.com/65535/49534422456_076bd71428_b.jpg,,,,,True,,True
241,https://live.staticflickr.com/65535/49534422651_1807112304_b.jpg,,,,,True,,True
242,https://live.staticflickr.com/65535/49534617267_64354827c2_b.jpg,,,,,True,,True
243,https://live.staticflickr.com/65535/49534617462_eb7a01a993_b.jpg,,,,,True,,True
244,https://live.staticflickr.com/65535/49534617652_ab277146f2_b.jpg,,,,,True,,True
245,https://live.staticflickr.com/65535/49534620887_45dc2c1758_b.jpg,,,,,True,,True
246,https://live.staticflickr.com/65535/49534626767_158dab1287_b.jpg,,,,,True,,True
247,https://live.staticflickr.com/65535/49534635147_931a084ae5_b.jpg,,,,,True,,True
248,https://live.staticflickr.com/65535/49534636307_89018a6640_b.jpg,,,,,True,,True
249,https://live.staticflickr.com/65535/49534636807_f901f05e37_b.jpg,,,,,True,,True
250,https://live.staticflickr.com/65535/49534636952_07a6ca1ef2_b.jpg,,,,,True,,True
251,https://live.staticflickr.com/65535/49534637262_a1b647ba9d_b.jpg,,,,,True,,True
252,https://live.staticflickr.com/65535/49534637347_f44267781c_b.jpg,,,,,True,,True
253,https://live.staticflickr.com/65535/49534638147_d6ee195003_b.jpg,,,,,True,,True
254,https://live.staticflickr.com/65535/49534638662_fb8b1967e6_b.jpg,,,,,True,,True
255,https://live.staticflickr.com/65535/49534651082_c6a28b0fc6_b.jpg,,,,,True,,True
256,https://live.staticflickr.com/65535/49534651257_3b76e56c38_b.jpg,,,,,True,,True
257,https://live.staticflickr.com/65535/49534651322_2b22664e8a_b.jpg,,,,,True,,True
258,https://live.staticflickr.com/65535/49623304421_2ca51cc93c_b.jpg,,,True,,,,True
259,https://live.staticflickr.com/65535/49623304521_8d57ca1a2b_b.jpg,,,True,,,,True
260,https://live.staticflickr.com/65535/49623576072_237feebdbc_b.jpg,,,True,,,,True
261,https://live.staticflickr.com/65535/49627011833_a7f7e0980a_b.jpg,,,True,,,,True
262,https://live.staticflickr.com/65535/49627011913_3863ebea4e_b.jpg,,,True,,,,True
263,https://live.staticflickr.com/65535/49627012013_a7b762c347_b.jpg,,,True,,,,True
264,https://live.staticflickr.com/65535/49627799967_9965dcc829_b.jpg,,,True,,,,True
265,https://live.staticflickr.com/65535/49627800047_8db66762c0_b.jpg,,,True,,,,True
266,https://live.staticflickr.com/65535/49634482491_43f58284dd_b.jpg,,,,,False,,True
267,https://live.staticflickr.com/65535/49634485531_0d12d6d3f3_b.jpg,,,,,False,,True
268,https://live.staticflickr.com/65535/49634760977_c572f85bf9_b.jpg,,,,,False,,True
269,https://live.staticflickr.com/65535/49637498666_88787bb4db_b.jpg,,,,,False,,True
270,https://live.staticflickr.com/65535/49637653158_c24462497f_b.jpg,,,True,,,,True
271,https://live.staticflickr.com/65535/49638180116_9cc511a49a_b.jpg,,,True,,,,True
272,https://live.staticflickr.com/65535/49640179413_410f619493_b.jpg,,,True,,,,True
273,https://live.staticflickr.com/65535/49647321082_c839fe7292_b.jpg,,,,,True,,True
274,https://live.staticflickr.com/65535/49652039673_a58f954704_b.jpg,,,True,,,,True
275,https://live.staticflickr.com/65535/49652039768_4d9bf48531_b.jpg,,,True,,,,True
276,https://live.staticflickr.com/65535/49652575566_843ed61285_b.jpg,,,True,,,,True
277,https://live.staticflickr.com/65535/49653588288_3a78fb1924_b.jpg,,,True,,,,True
278,https://live.staticflickr.com/65535/49653588313_42dfdfc552_b.jpg,,,True,,,,True
279,https://live.staticflickr.com/65535/49653588393_d1f54a4dbc_b.jpg,,,True,,,,True
280,https://live.staticflickr.com/65535/49654126106_a4533eb4f1_b.jpg,,,True,,,,True
281,https://live.staticflickr.com/65535/49654405947_05d64beeaf_b.jpg,,,True,,,,True
282,https://live.staticflickr.com/65535/49656147637_d8c04874e6_b.jpg,,,True,,,,True
283,https://live.staticflickr.com/65535/49660685291_7667b6d7a2_b.jpg,,,,,False,,True
284,https://live.staticflickr.com/65535/49660686336_b7480efa66_b.jpg,,,,,False,,True
285,https://live.staticflickr.com/65535/49660687816_4359c20600_b.jpg,,,,,False,,True
286,https://live.staticflickr.com/65535/49660688986_57d69b8c2c_b.jpg,,,,,False,,True
287,https://live.staticflickr.com/65535/49660689896_84c160f393_b.jpg,,,,,False,,True
288,https://live.staticflickr.com/65535/49665189382_830ee0472b_b.jpg,,,True,,,,True
289,https://live.staticflickr.com/65535/49672824683_53e99349aa_b.jpg,,,,,True,,True
290,https://live.staticflickr.com/65535/49673648212_86e79d31b4_b.jpg,,,,,True,,True
291,https://live.staticflickr.com/65535/49673649652_982ba0e696_b.jpg,,,,,True,,True
292,https://live.staticflickr.com/65535/49673652232_da4a308640_b.jpg,,,,,True,,True
293,https://live.staticflickr.com/65535/49680613787_e38895ae97_b.jpg,,unknown,unknown,unknown,,,True
294,https://live.staticflickr.com/65535/49684116942_970ee6a6eb_b.jpg,,,,,True,,True
295,https://live.staticflickr.com/65535/49686313006_870066413e_b.jpg,,,,,True,,True
296,https://live.staticflickr.com/65535/49723328172_faa88377fc_b.jpg,,,,,True,,True
297,https://live.staticflickr.com/65535/49802703756_ff07e13431_b.jpg,,,True,,,,True
298,https://live.staticflickr.com/65535/49858953342_c12a1b994c_b.jpg,True,True,,,,,True
299,https://live.staticflickr.com/65535/49876077296_26370742de_b.jpg,False,0,,,,,True
300,https://live.staticflickr.com/65535/49907677091_05a96dac0f_b.jpg,0,0,,,0,,True
301,https://live.staticflickr.com/65535/49920144571_a10577284a_b.jpg,False,0,,,,,True
302,https://live.staticflickr.com/65535/49927250471_ec45c707ef_b.jpg,unknown,unknown,,,,,True
303,https://live.staticflickr.com/65535/49929962638_cd11e869bc_b.jpg,False,False,,,,,True
304,https://live.staticflickr.com/65535/49931075166_17f2a6172c_b.jpg,False,0,,,,,True
305,https://live.staticflickr.com/65535/49932299771_55a6903d38_b.jpg,False,0,,,,,True
306,https://live.staticflickr.com/65535/49954185291_95ac8f58d3_b.jpg,False,0,,,False,,True
307,https://live.staticflickr.com/65535/49957289603_185e603dae_b.jpg,False,0,,,,,True
308,https://live.staticflickr.com/65535/49957301348_d8d4f9f547_b.jpg,False,0,,,,,True
309,https://live.staticflickr.com/65535/49957302268_dd771d4a07_b.jpg,False,0,,,,,True
310,https://live.staticflickr.com/65535/49957788661_1182152cc4_b.jpg,False,0,,,,,True
311,https://live.staticflickr.com/65535/49957800871_8f332981d4_b.jpg,False,0,,,,,True
312,https://live.staticflickr.com/65535/49957801131_bb774545f1_b.jpg,False,0,,,,,True
313,https://live.staticflickr.com/65535/49957801561_eed03d9d66_b.jpg,False,0,,,,,True
314,https://live.staticflickr.com/65535/49957801706_462c504327_b.jpg,False,0,,,,,True
315,https://live.staticflickr.com/65535/49957801916_5336ed9e54_b.jpg,False,0,,,,,True
316,https://live.staticflickr.com/65535/49974713762_5c7e025c7d_b.jpg,False,0,,,,,True
317,https://live.staticflickr.com/65535/49984953128_2ee65f8b30_b.jpg,unknown,unknown,,,,,True
318,https://live.staticflickr.com/65535/49985473296_39f5b533e6_b.jpg,unknown,unknown,,,,,True
319,https://live.staticflickr.com/65535/49985729002_29b03ebc86_b.jpg,unknown,unknown,,,,,True
320,https://live.staticflickr.com/65535/49985729387_c2947e28a1_b.jpg,unknown,unknown,,,,,True
321,https://live.staticflickr.com/65535/49988230058_9b36e559af_b.jpg,False,0,,,,,True
322,https://live.staticflickr.com/65535/49988745456_bc9554c6e5_b.jpg,False,0,,,,,True
323,https://live.staticflickr.com/65535/49998353836_8f7705b1d6_b.jpg,False,0,,,,,True
324,https://live.staticflickr.com/65535/50001897083_1668d4e7ed_b.jpg,unknown,unknown,,,,,True
325,https://live.staticflickr.com/65535/50007841456_77f5deff8f_b.jpg,unknown,unknown,,,,,True
326,https://live.staticflickr.com/65535/50009537173_eb135a698a_b.jpg,False,0,,,,,True
327,https://live.staticflickr.com/65535/50015744638_2d5a6be00a_b.jpg,False,0,,,0,,True
328,https://live.staticflickr.com/65535/50015746928_3ed95673b4_b.jpg,False,0,,,False,,True
329,https://live.staticflickr.com/65535/50016536887_7c194c359b_b.jpg,False,0,,,False,,True
330,https://live.staticflickr.com/65535/50018450076_7bb986c2e4_b.jpg,False,0,,,,,True
331,https://live.staticflickr.com/65535/50020669288_eac8fc38c3_b.jpg,False,0,,,,,True
332,https://live.staticflickr.com/65535/50021212026_7957d48bdf_b.jpg,False,0,,,,,True
333,https://live.staticflickr.com/65535/50022775323_a8a91c9a3a_b.jpg,unknown,unknown,,,,,True
334,https://live.staticflickr.com/65535/50022776533_83e0bde328_b.jpg,unknown,unknown,,,,,True
335,https://live.staticflickr.com/65535/50023575477_e88c4f309b_b.jpg,unknown,unknown,,,,,True
336,https://live.staticflickr.com/65535/50023629367_4c40708806_b.jpg,unknown,unknown,,,,,True
337,https://live.staticflickr.com/65535/50025513353_4b86cc5f13_b.jpg,unknown,unknown,,,unknown,,True
338,https://live.staticflickr.com/65535/50025513993_6c99d73f2a_b.jpg,unknown,unknown,,,unknown,,True
339,https://live.staticflickr.com/65535/50026062291_ff67f31d82_b.jpg,unknown,unknown,,,unknown,,True
340,https://live.staticflickr.com/65535/50026320147_bd716d806e_b.jpg,unknown,unknown,,,unknown,,True
341,https://live.staticflickr.com/65535/50031093933_9ffd09554c_b.jpg,unknown,unknown,,,,,True
342,https://live.staticflickr.com/65535/50036869521_429f39a418_b.jpg,False,0,,,,,True
343,https://live.staticflickr.com/65535/50038288571_352a999d20_b.jpg,False,0,,,,,True
344,https://live.staticflickr.com/65535/50039421337_057a951afd_b.jpg,False,0,,,,,True
345,https://live.staticflickr.com/65535/50039954137_07631094cc_b.jpg,False,0,,,,,True
346,https://live.staticflickr.com/65535/50044684362_ecf849f71c_b.jpg,unknown,unknown,,,,,True
347,https://live.staticflickr.com/65535/50044883412_9e98dcf089_b.jpg,False,0,,,,,True
348,https://live.staticflickr.com/65535/50046569892_e570d755d0_b.jpg,unknown,unknown,,,,,True
349,https://live.staticflickr.com/65535/50046569927_504429d39c_b.jpg,unknown,unknown,,,,,True
350,https://live.staticflickr.com/65535/50047847523_108fa5011e_b.jpg,False,0,,,,,True
351,https://live.staticflickr.com/65535/50047847643_5cd5a77be6_b.jpg,False,0,,,,,True
352,https://live.staticflickr.com/65535/50056828711_2fba9a60e6_b.jpg,False,0,,,,,True
353,https://live.staticflickr.com/65535/50056828876_f5fcf69d75_b.jpg,False,False,,,,,True
354,https://live.staticflickr.com/65535/50060971398_44aec6d71c_b.jpg,False,0,,,,,True
355,https://live.staticflickr.com/65535/50060971483_723b78da6b_b.jpg,False,False,,,,,True
356,https://live.staticflickr.com/65535/50060972153_85f69d3590_b.jpg,False,0,,,,,True
357,https://live.staticflickr.com/65535/50060972168_de8dfaaae2_b.jpg,False,0,,,,,True
358,https://live.staticflickr.com/65535/50061536726_145a31b041_b.jpg,False,0,,,,,True
359,https://live.staticflickr.com/65535/50061780902_117129f46d_b.jpg,False,0,,,,,True
360,https://live.staticflickr.com/65535/50061782047_72647bfdba_b.jpg,False,0,,,,,True
361,https://live.staticflickr.com/65535/50062495297_cb0b0e6d42_b.jpg,False,0,,,,,True
362,https://live.staticflickr.com/65535/50064931973_1371978b97_b.jpg,0,0,,,,,True
363,https://live.staticflickr.com/65535/50065282686_4854db8736_b.jpg,False,0,,,,,True
364,https://live.staticflickr.com/65535/50075126373_80d5890cc0_b.jpg,unknown,unknown,,,,,True
365,https://live.staticflickr.com/65535/50075893816_9b140d2c36_b.jpg,False,0,,,False,,True
366,https://live.staticflickr.com/65535/50076147662_83a7415ca7_b.jpg,False,0,,,False,,True
367,https://live.staticflickr.com/65535/50086778613_50a6656c87_b.jpg,False,0,,,,,True
368,https://live.staticflickr.com/65535/50087238101_590b2618c9_b.jpg,False,0,,,,,True
369,https://live.staticflickr.com/65535/50087470392_41feee0cf2_b.jpg,False,0,,,,,True
370,https://live.staticflickr.com/65535/50087582037_c8d15b60ff_b.jpg,False,False,,,,,True
371,https://live.staticflickr.com/65535/50087594792_6852e136a0_b.jpg,False,0,,,,,True
372,https://live.staticflickr.com/65535/50100846658_96f25a6842_b.jpg,False,False,,,False,,True
373,https://live.staticflickr.com/65535/50101430631_f8bebceef8_b.jpg,False,False,,,False,,True
374,https://live.staticflickr.com/65535/50109972683_c70bca6f7b_b.jpg,False,False,,,,,True
375,https://live.staticflickr.com/65535/50109972813_4b3c6611da_b.jpg,False,0,,,,,True
376,https://live.staticflickr.com/65535/50110541811_1820097059_b.jpg,False,0,,,,,True
377,https://live.staticflickr.com/65535/50110541931_aa5403af0f_b.jpg,False,False,,,,,True
378,https://live.staticflickr.com/65535/50110781302_d3b5325515_b.jpg,False,0,,,,,True
379,https://live.staticflickr.com/65535/50110861643_38bf9c9dc5_b.jpg,False,0,,,,,True
380,https://live.staticflickr.com/65535/50110862318_1b870e0a65_b.jpg,False,0,,,,,True
381,https://live.staticflickr.com/65535/50110862613_57b4825648_b.jpg,False,0,,,,,True
382,https://live.staticflickr.com/65535/50110863518_27eb49fa1b_b.jpg,False,0,,,,,True
383,https://live.staticflickr.com/65535/50110863798_3796ecde04_b.jpg,False,0,,,,,True
384,https://live.staticflickr.com/65535/50110864453_aabd5ddeb5_b.jpg,False,0,,,,,True
385,https://live.staticflickr.com/65535/50110866098_9b1e75789c_b.jpg,False,0,,,,,True
386,https://live.staticflickr.com/65535/50110867598_100176178a_b.jpg,False,0,,,,,True
387,https://live.staticflickr.com/65535/50110868333_f463c5512e_b.jpg,False,0,,,,,True
388,https://live.staticflickr.com/65535/50110869868_31e42ca86d_b.jpg,False,0,,,,,True
389,https://live.staticflickr.com/65535/50110870158_d044cd7f8c_b.jpg,False,0,,,,,True
390,https://live.staticflickr.com/65535/50110873053_cb1f081f63_b.jpg,False,0,,,,,True
391,https://live.staticflickr.com/65535/50110873678_fc2d6c13cb_b.jpg,False,0,,,,,True
392,https://live.staticflickr.com/65535/50110873943_55d76a020c_b.jpg,False,0,,,,,True
393,https://live.staticflickr.com/65535/50110875688_2d95c8f4db_b.jpg,False,0,,,,,True
394,https://live.staticflickr.com/65535/50110876818_2e6bf22662_b.jpg,False,0,,,,,True
395,https://live.staticflickr.com/65535/50110877063_a54b5a36c1_b.jpg,False,0,,,,,True
396,https://live.staticflickr.com/65535/50110877863_88b28817f6_b.jpg,False,0,,,,,True
397,https://live.staticflickr.com/65535/50110878423_c87a678b66_b.jpg,False,0,,,,,True
398,https://live.staticflickr.com/65535/50110879113_548d040e85_b.jpg,False,0,,,,,True
399,https://live.staticflickr.com/65535/50110879858_307bb3d501_b.jpg,False,0,,,,,True
400,https://live.staticflickr.com/65535/50110881363_9bc752896c_b.jpg,False,0,,,,,True
401,https://live.staticflickr.com/65535/50110881688_920f5889a4_b.jpg,False,0,,,,,True
402,https://live.staticflickr.com/65535/50110882718_f73d400313_b.jpg,False,0,,,,,True
403,https://live.staticflickr.com/65535/50110883888_162c12077c_b.jpg,False,0,,,,,True
404,https://live.staticflickr.com/65535/50110884163_39cd376452_b.jpg,False,0,,,,,True
405,https://live.staticflickr.com/65535/50111205856_4eee8fdba5_b.jpg,False,0,,,,,True
406,https://live.staticflickr.com/65535/50111433091_7a672a664c_b.jpg,False,0,,,,,True
407,https://live.staticflickr.com/65535/50111435076_6227b14ebc_b.jpg,False,0,,,,,True
408,https://live.staticflickr.com/65535/50111436616_f1c5fba8a2_b.jpg,False,0,,,,,True
409,https://live.staticflickr.com/65535/50111437001_a2594a7119_b.jpg,False,0,,,,,True
410,https://live.staticflickr.com/65535/50111437606_72410c532d_b.jpg,False,0,,,,,True
411,https://live.staticflickr.com/65535/50111438526_62f35ff9ff_b.jpg,False,0,,,,,True
412,https://live.staticflickr.com/65535/50111438826_98ea30e825_b.jpg,False,0,,,,,True
413,https://live.staticflickr.com/65535/50111440771_20a246d2b0_b.jpg,False,0,,,,,True
414,https://live.staticflickr.com/65535/50111442226_af6b1032ea_b.jpg,False,0,,,,,True
415,https://live.staticflickr.com/65535/50111442516_11ea8b3572_b.jpg,False,0,,,,,True
416,https://live.staticflickr.com/65535/50111443076_5029a46fe7_b.jpg,False,0,,,,,True
417,https://live.staticflickr.com/65535/50111443786_e76cf37dd5_b.jpg,False,0,,,,,True
418,https://live.staticflickr.com/65535/50111444551_8d18d2673b_b.jpg,False,0,,,,,True
419,https://live.staticflickr.com/65535/50111445271_c499033479_b.jpg,False,0,,,,,True
420,https://live.staticflickr.com/65535/50111446166_191eb2d61b_b.jpg,False,0,,,,,True
421,https://live.staticflickr.com/65535/50111446981_d18215de90_b.jpg,False,0,,,,,True
422,https://live.staticflickr.com/65535/50111447251_8da5c132cd_b.jpg,False,0,,,,,True
423,https://live.staticflickr.com/65535/50111449576_13dfb6f44b_b.jpg,False,0,,,,,True
424,https://live.staticflickr.com/65535/50111450206_7ae0d86df3_b.jpg,False,0,,,,,True
425,https://live.staticflickr.com/65535/50111450831_71fc6078e0_b.jpg,False,0,,,,,True
426,https://live.staticflickr.com/65535/50111451476_1c7f09d317_b.jpg,False,0,,,,,True
427,https://live.staticflickr.com/65535/50111452681_4af41bdb1f_b.jpg,False,0,,,,,True
428,https://live.staticflickr.com/65535/50111453936_779eba55f4_b.jpg,False,0,,,,,True
429,https://live.staticflickr.com/65535/50111454226_b9a40352e8_b.jpg,False,0,,,,,True
430,https://live.staticflickr.com/65535/50111455416_1b5c727678_b.jpg,False,0,,,,,True
431,https://live.staticflickr.com/65535/50111456116_126477c495_b.jpg,False,0,,,,,True
432,https://live.staticflickr.com/65535/50111456951_a7c716a9de_b.jpg,False,0,,,,,True
433,https://live.staticflickr.com/65535/50111457241_d574fb540d_b.jpg,False,0,,,,,True
434,https://live.staticflickr.com/65535/50111668297_d613ebc7b0_b.jpg,False,0,,,,,True
435,https://live.staticflickr.com/65535/50111669367_69a9483944_b.jpg,False,0,,,,,True
436,https://live.staticflickr.com/65535/50111670432_4132ce011f_b.jpg,False,0,,,,,True
437,https://live.staticflickr.com/65535/50111671672_f762f835db_b.jpg,False,0,,,,,True
438,https://live.staticflickr.com/65535/50111672612_090a5bdfc4_b.jpg,False,0,,,,,True
439,https://live.staticflickr.com/65535/50111673387_9f7802f09b_b.jpg,False,0,,,,,True
440,https://live.staticflickr.com/65535/50111674127_867fca8b37_b.jpg,False,0,,,,,True
441,https://live.staticflickr.com/65535/50111674842_3026cf7232_b.jpg,False,0,,,,,True
442,https://live.staticflickr.com/65535/50111675487_83a10ab6a4_b.jpg,False,0,,,,,True
443,https://live.staticflickr.com/65535/50111675792_47ef23f999_b.jpg,False,0,,,,,True
444,https://live.staticflickr.com/65535/50111677122_3d5cfe6350_b.jpg,False,0,,,,,True
445,https://live.staticflickr.com/65535/50111677782_6b1704815f_b.jpg,False,0,,,,,True
446,https://live.staticflickr.com/65535/50111678382_d100a8becd_b.jpg,False,0,,,,,True
447,https://live.staticflickr.com/65535/50111680462_c5550eb784_b.jpg,False,0,,,,,True
448,https://live.staticflickr.com/65535/50111680717_1f8bbcd289_b.jpg,False,0,,,,,True
449,https://live.staticflickr.com/65535/50111681872_0efd0806d4_b.jpg,False,0,,,,,True
450,https://live.staticflickr.com/65535/50111682142_80f9c56ac2_b.jpg,False,0,,,,,True
451,https://live.staticflickr.com/65535/50111682427_8bc406685e_b.jpg,False,0,,,,,True
452,https://live.staticflickr.com/65535/50111683312_6f30c9ab36_b.jpg,False,0,,,,,True
453,https://live.staticflickr.com/65535/50111686182_e735407d9f_b.jpg,False,0,,,,,True
454,https://live.staticflickr.com/65535/50111686522_cec7ac711c_b.jpg,False,0,,,,,True
455,https://live.staticflickr.com/65535/50111687042_bcbefd423e_b.jpg,False,0,,,,,True
456,https://live.staticflickr.com/65535/50111688927_64e8e800fc_b.jpg,False,0,,,,,True
457,https://live.staticflickr.com/65535/50111689172_51d1065071_b.jpg,False,0,,,,,True
458,https://live.staticflickr.com/65535/50111690722_ac39504fc2_b.jpg,False,0,,,,,True
459,https://live.staticflickr.com/65535/50111690912_fef0c2ca5a_b.jpg,False,0,,,,,True
460,https://live.staticflickr.com/65535/50113878323_ee2c0ded01_b.jpg,False,0,,,,,True
461,https://live.staticflickr.com/65535/50114794391_99aa486357_b.jpg,False,0,,,,,True
462,https://live.staticflickr.com/65535/50115209413_d5953a5643_b.jpg,False,False,,,False,,True
463,https://live.staticflickr.com/65535/50115778636_81ba2ff00b_b.jpg,0,0,,,0,,True
464,https://live.staticflickr.com/65535/50116107272_58bb1d07cb_b.jpg,False,0,,,,,True
465,https://live.staticflickr.com/65535/50121387131_016fbd2651_b.jpg,False,0,,,,,True
466,https://live.staticflickr.com/65535/50123431008_801cb62c35_b.jpg,False,0,,,,,True
467,https://live.staticflickr.com/65535/50123998826_cc02530ca2_b.jpg,False,False,,,,,True
468,https://live.staticflickr.com/65535/50123999091_4b83fd9d18_b.jpg,False,0,,,,,True
469,https://live.staticflickr.com/65535/50124219677_cd1e93d598_b.jpg,False,False,,,,,True
470,https://live.staticflickr.com/65535/50124220122_33b7e4255d_b.jpg,unknown,unknown,,,,,True
471,https://live.staticflickr.com/65535/50125391171_491a10337c_b.jpg,False,0,,,,,True
472,https://live.staticflickr.com/65535/50126352338_26f9599356_b.jpg,False,0,,,,,True
473,https://live.staticflickr.com/65535/50129239772_f684ba2560_b.jpg,False,0,,,,,True
474,https://live.staticflickr.com/65535/50129707131_a67cf96ae6_b.jpg,False,0,,,,,True
475,https://live.staticflickr.com/65535/50129873158_952421233f_b.jpg,False,0,,,,,True
476,https://live.staticflickr.com/65535/50129917843_9af01d693c_b.jpg,False,0,,,,,True
477,https://live.staticflickr.com/65535/50129922603_f7751b4b33_b.jpg,False,False,,,,,True
478,https://live.staticflickr.com/65535/50129923208_df53c234fd_b.jpg,False,0,,,,,True
479,https://live.staticflickr.com/65535/50130442561_934bfe5675_b.jpg,False,0,,,,,True
480,https://live.staticflickr.com/65535/50130483626_c0204cf456_b.jpg,False,0,,,,,True
481,https://live.staticflickr.com/65535/50130484731_00d92b3161_b.jpg,False,0,,,,,True
482,https://live.staticflickr.com/65535/50130487691_f98e60a154_b.jpg,False,0,,,,,True
483,https://live.staticflickr.com/65535/50130488981_09f4fb3543_b.jpg,False,0,,,,,True
484,https://live.staticflickr.com/65535/50130491091_a2cb31fd73_b.jpg,False,False,,,,,True
485,https://live.staticflickr.com/65535/50130538948_4e6468eb91_b.jpg,False,0,,,,,True
486,https://live.staticflickr.com/65535/50130707192_7d7ebb6c95_b.jpg,False,False,,,,,True
487,https://live.staticflickr.com/65535/50130708247_1cfab9b512_b.jpg,False,0,,,,,True
488,https://live.staticflickr.com/65535/50130710977_13924c32c3_b.jpg,False,0,,,,,True
489,https://live.staticflickr.com/65535/50130715962_865410c772_b.jpg,False,0,,,,,True
490,https://live.staticflickr.com/65535/50133715398_9ba590475a_b.jpg,False,0,0,,False,,True
491,https://live.staticflickr.com/65535/50134205536_0f21a82c81_b.jpg,False,False,False,,False,,True
492,https://live.staticflickr.com/65535/50134306856_8f4dea65f3_b.jpg,False,False,False,,False,,True
493,https://live.staticflickr.com/65535/50134335993_ee50b39d60_b.jpg,False,0,,,,,True
494,https://live.staticflickr.com/65535/50134473652_70cc97e372_b.jpg,False,False,False,,False,,True
495,https://live.staticflickr.com/65535/50134497282_857f361f39_b.jpg,False,False,False,,False,,True
496,https://live.staticflickr.com/65535/50134536052_0cc7a544b2_b.jpg,False,False,False,,False,,True
497,https://live.staticflickr.com/65535/50134885761_f87594693d_b.jpg,False,0,,,,,True
498,https://live.staticflickr.com/65535/50137545738_1d3613d6a9_b.jpg,False,0,,,,,True
499,https://live.staticflickr.com/65535/50141731916_05bcd1376a_b.jpg,False,0,,,,,True
500,https://live.staticflickr.com/65535/50141736441_17e79c5fdf_b.jpg,False,0,,,,,True
501,https://live.staticflickr.com/65535/50142224496_1b171666f3_b.jpg,unknown,unknown,,,,,True
502,https://live.staticflickr.com/65535/50150951323_db3b655ff0_b.jpg,False,0,,,,,True
503,https://live.staticflickr.com/65535/50150952568_1297b2c56c_b.jpg,False,0,,,,,True
504,https://live.staticflickr.com/65535/50150995478_ae519b46f4_b.jpg,unknown,unknown,,,,,True
505,https://live.staticflickr.com/65535/50151076528_5a423ce04c_b.jpg,False,False,,,,,True
506,https://live.staticflickr.com/65535/50151081568_39a0336fe4_b.jpg,False,0,,,,,True
507,https://live.staticflickr.com/65535/50151739602_efc2cd4433_b.jpg,False,0,,,,,True
508,https://live.staticflickr.com/65535/50155634947_848c4852e0_b.jpg,0,0,,,,,True
509,https://live.staticflickr.com/65535/50165472823_63fd7a120c_b.jpg,False,False,,,,,True
510,https://live.staticflickr.com/65535/50165472843_3ed14bcd26_b.jpg,False,False,,,,,True
511,https://live.staticflickr.com/65535/50166009666_c2064781a9_b.jpg,False,False,,,,,True
512,https://live.staticflickr.com/65535/50166009751_177a12b72e_b.jpg,False,False,,,,,True
513,https://live.staticflickr.com/65535/50166266627_f5e64961ae_b.jpg,False,False,,,,,True
514,https://live.staticflickr.com/65535/50166266662_8bacc2ae13_b.jpg,False,False,,,,,True
515,https://live.staticflickr.com/65535/50166298407_c910f6be62_b.jpg,False,0,,,,,True
516,https://live.staticflickr.com/65535/50166298432_09b353c768_b.jpg,unknown,unknown,,,,,True
517,https://live.staticflickr.com/65535/50166712552_5e99db9b30_b.jpg,False,False,,,,,True
518,https://live.staticflickr.com/65535/50167232416_6dbbbea056_b.jpg,False,0,,,,,True
519,https://live.staticflickr.com/65535/50171825976_fdc463c8f6_b.jpg,0,0,,,,,True
520,https://live.staticflickr.com/65535/50179360538_b01c9f0e9c_b.jpg,unknown,unknown,,,,,True
521,https://live.staticflickr.com/65535/50195200783_804f13f7ec_b.jpg,False,False,,,False,,True
522,https://live.staticflickr.com/65535/50198386221_19bae79b39_b.jpg,False,False,,,,,True
523,https://live.staticflickr.com/65535/50205458953_4c608e01ae_b.jpg,False,0,,,,,True
524,https://live.staticflickr.com/65535/50205459933_b42e3c2feb_b.jpg,False,False,,,,,True
525,https://live.staticflickr.com/65535/50205460638_3f28314f83_b.jpg,False,0,,,,,True
526,https://live.staticflickr.com/65535/50205460828_82b0a525e6_b.jpg,False,0,,,,,True
527,https://live.staticflickr.com/65535/50205461528_a95868d17f_b.jpg,0,False,,,,,True
528,https://live.staticflickr.com/65535/50205461878_8c4085ce5e_b.jpg,False,False,,,,,True
529,https://live.staticflickr.com/65535/50205986516_566b2b28e6_b.jpg,False,0,,,,,True
530,https://live.staticflickr.com/65535/50205987381_65aab31cd3_b.jpg,False,0,,,,,True
531,https://live.staticflickr.com/65535/50205987691_eb7194912a_b.jpg,False,False,,,,,True
532,https://live.staticflickr.com/65535/50205989296_4d89a8a2a1_b.jpg,False,0,,,,,True
533,https://live.staticflickr.com/65535/50206264317_17c5ce320a_b.jpg,False,0,,,,,True
534,https://live.staticflickr.com/65535/50207104642_d8255e2661_b.jpg,True,True,,,,,True
535,https://live.staticflickr.com/65535/50215602626_d68d1cef96_b.jpg,False,False,,,,,True
536,https://live.staticflickr.com/65535/50216044738_a8974ff18f_b.jpg,False,0,,,,,True
537,https://live.staticflickr.com/65535/50216631096_214eb90045_b.jpg,False,0,,,,,True
538,https://live.staticflickr.com/65535/50216696536_3bd9da4349_b.jpg,False,0,,,,,True
539,https://live.staticflickr.com/65535/50232553053_7d69a772bf_b.jpg,unknown,unknown,,,,,True
540,https://live.staticflickr.com/65535/50233425027_151350bf75_b.jpg,unknown,unknown,,,,,True
541,https://live.staticflickr.com/65535/50236589733_273d14ba0d_b.jpg,False,0,,,,,True
542,https://live.staticflickr.com/65535/50236677043_1433aa2404_b.jpg,True,True,,,,,True
543,https://live.staticflickr.com/65535/50245210597_6b9364ddb9_b.jpg,False,0,,,,,True
544,https://live.staticflickr.com/65535/50245468563_9e0e272ebe_b.jpg,True,True,,,,,True
545,https://live.staticflickr.com/65535/50246105301_6a91f1ed83_b.jpg,unknown,unknown,,,,,True
546,https://live.staticflickr.com/65535/50247424037_82122d7dcb_b.jpg,False,0,,,False,,True
547,https://live.staticflickr.com/65535/50249685052_15881d4ec2_b.jpg,unknown,unknown,,,,,True
548,https://live.staticflickr.com/65535/50252517353_c698ee1619_b.jpg,False,0,,,,,True
549,https://live.staticflickr.com/65535/50252596256_f6f528d6eb_b.jpg,False,0,,,,,True
550,https://live.staticflickr.com/65535/50255759573_d4ef0bcecf_b.jpg,False,0,,,,,True
551,https://live.staticflickr.com/65535/50255767437_54153ab86b_b.jpg,False,0,,,,,True
552,https://live.staticflickr.com/65535/50256602687_d3bfd0165e_b.jpg,False,0,,,,,True
553,https://live.staticflickr.com/65535/50258133387_b1c82a8c1b_b.jpg,False,False,,,,,True
554,https://live.staticflickr.com/65535/50259317147_ea5b2f4c6f_b.jpg,False,0,,,,,True
555,https://live.staticflickr.com/65535/50260080128_54da600308_b.jpg,True,True,,,True,,True
556,https://live.staticflickr.com/65535/50260750296_215510c93d_b.jpg,True,True,,,True,,True
557,https://live.staticflickr.com/65535/50260750881_95d06b6cd7_b.jpg,True,True,,,True,,True
558,https://live.staticflickr.com/65535/50260760941_974945fe4d_b.jpg,0,0,,,0,,True
559,https://live.staticflickr.com/65535/50260761326_fc3e649532_b.jpg,True,True,,,True,,True
560,https://live.staticflickr.com/65535/50260777788_e5057c9280_b.jpg,0,0,,,0,,True
561,https://live.staticflickr.com/65535/50260777918_990ef07a1e_b.jpg,False,False,,,False,,True
562,https://live.staticflickr.com/65535/50260942487_4e93cfd250_b.jpg,True,True,,,True,,True
563,https://live.staticflickr.com/65535/50261265091_c81bae133a_b.jpg,False,0,,,,,True
564,https://live.staticflickr.com/65535/50261456007_d643b7b8cd_b.jpg,False,0,,,,,True
565,https://live.staticflickr.com/65535/50261457062_9bbd2031dc_b.jpg,False,0,,,,,True
566,https://live.staticflickr.com/65535/50263255778_5e099c2826_b.jpg,False,0,,,,,True
567,https://live.staticflickr.com/65535/50263906071_80234c4dc1_b.jpg,False,0,,,,,True
568,https://live.staticflickr.com/65535/50264094442_8e976c8de6_b.jpg,False,0,,,,,True
569,https://live.staticflickr.com/65535/50268555443_278528deae_b.jpg,False,0,,,,,True
570,https://live.staticflickr.com/65535/50268556813_a49d5bd4e3_b.jpg,False,False,,,,,True
571,https://live.staticflickr.com/65535/50269395807_33783229ca_b.jpg,False,0,,,,,True
572,https://live.staticflickr.com/65535/50269397262_63bac6f2df_b.jpg,False,False,,,,,True
573,https://live.staticflickr.com/65535/50269803948_989d53c26b_b.jpg,False,False,,,,,True
574,https://live.staticflickr.com/65535/50269808898_851aaca207_b.jpg,0,False,,,,,True
575,https://live.staticflickr.com/65535/50270649157_11574cf109_b.jpg,False,False,,,,,True
576,https://live.staticflickr.com/65535/50271049337_80575f9b44_b.jpg,False,0,,,,,True
577,https://live.staticflickr.com/65535/50274632438_20a6172ccb_b.jpg,False,0,,,,,True
578,https://live.staticflickr.com/65535/50275309021_05353bd237_b.jpg,False,0,,,,,True
579,https://live.staticflickr.com/65535/50275309326_d857e74c1b_b.jpg,False,0,,,,,True
580,https://live.staticflickr.com/65535/50275466447_21ec89fb9f_b.jpg,False,0,,,,,True
581,https://live.staticflickr.com/65535/50285903292_8232aa177f_b.jpg,False,0,0,,,,True
582,https://live.staticflickr.com/65535/50290644213_219185a440_b.jpg,0,False,,,,,True
583,https://live.staticflickr.com/65535/50290644268_27d75ea4f0_b.jpg,False,False,,,,,True
584,https://live.staticflickr.com/65535/50294402906_15245bcd28_b.jpg,False,0,,,,,True
585,https://live.staticflickr.com/65535/50297947848_1038380c6a_b.jpg,False,False,,,,,True
586,https://live.staticflickr.com/65535/50298776807_b2b4fe4bf2_b.jpg,False,False,,,,,True
587,https://live.staticflickr.com/65535/50317878102_2a32cee625_b.jpg,False,False,,,,,True
588,https://live.staticflickr.com/65535/50318720308_b24e91c1f0_b.jpg,False,False,,,,,True
589,https://live.staticflickr.com/65535/50320774532_8996d62785_b.jpg,False,False,,,,,True
590,https://live.staticflickr.com/65535/50327808508_d3b8438c18_b.jpg,False,0,,,,,True
591,https://live.staticflickr.com/65535/50330911698_9310a1f0f0_b.jpg,False,False,,,,,True
592,https://live.staticflickr.com/65535/50335504168_4e3e7bfbe0_b.jpg,False,False,,,,,True
593,https://live.staticflickr.com/65535/50338830558_6b19fd0e63_b.jpg,False,0,,,0,,True
594,https://live.staticflickr.com/65535/50339844881_0de3a92058_b.jpg,False,0,,,0,,True
595,https://live.staticflickr.com/65535/50340000687_812ef23b46_b.jpg,False,0,,,0,,True
596,https://live.staticflickr.com/65535/50342262956_0e70ffab5d_b.jpg,,,False,,,,True
597,https://live.staticflickr.com/65535/50346175002_eba8dcd0bc_b.jpg,0,0,,,,,True
598,https://live.staticflickr.com/65535/50347515566_8849e3f37f_b.jpg,False,0,,,,,True
599,https://live.staticflickr.com/65535/50347783553_3cdb7445bd_b.jpg,False,False,,,False,,True
600,https://live.staticflickr.com/65535/50347799698_3c0b46ccc0_b.jpg,0,0,,,,,True
601,https://live.staticflickr.com/65535/50356299093_cde2726dd8_b.jpg,,,,,False,,True
602,https://live.staticflickr.com/65535/50356299218_ce4b411202_b.jpg,,,,,False,,True
603,https://live.staticflickr.com/65535/50357001971_373fddabfe_b.jpg,,,,,False,,True
604,https://live.staticflickr.com/65535/50357161077_cfd7da3019_b.jpg,,,,,False,,True
605,https://live.staticflickr.com/65535/50360179532_2b06f4c7a8_b.jpg,,,,,unknown,,True
606,https://live.staticflickr.com/65535/50360181627_377bc00244_b.jpg,,,,,unknown,,True
607,https://live.staticflickr.com/65535/50365384097_83bc6bf53d_b.jpg,,,,,False,,True
608,https://live.staticflickr.com/65535/50368301183_a0804bdfd3_b.jpg,,,,,False,,True
609,https://live.staticflickr.com/65535/50369842666_169f2381e7_b.jpg,,,,,False,,True
610,https://live.staticflickr.com/65535/50419402803_016c9c3394_b.jpg,,,,,True,,True
611,https://live.staticflickr.com/65535/50427301722_b3ded52d33_b.jpg,,,,,False,,True
612,https://live.staticflickr.com/65535/50446301621_547451779d_b.jpg,,,,,True,,True
613,https://live.staticflickr.com/65535/50506734533_42652e0397_b.jpg,,,,,False,,True
614,https://live.staticflickr.com/65535/50508337448_b3cea6ee55_b.jpg,,,,,False,,True
615,https://live.staticflickr.com/65535/50508337723_e990c26823_b.jpg,,,,,False,,True
616,https://live.staticflickr.com/65535/50508338483_6664291751_b.jpg,,,,,False,,True
617,https://live.staticflickr.com/65535/50509047741_216d4f3a14_b.jpg,,,,,False,,True
618,https://live.staticflickr.com/65535/50509208042_b0891697af_b.jpg,,,,,False,,True
619,https://live.staticflickr.com/65535/50509210722_d6b1914804_b.jpg,,,,,False,,True
620,https://live.staticflickr.com/65535/50509210827_50fd3fd0de_b.jpg,,,,,False,,True
621,https://live.staticflickr.com/65535/50509211032_68ba981a32_b.jpg,,,,,False,,True
