,confidence,datetaken,encounter_latitude,encounter_longitude,owner,ownername,relevant,title,url,wild,user_location_name,user_coordinates,user_latitude,user_longitude,encounter_coordinates,residing_mongodb_collection,num_encounters_at_coords
0,96.4294135570526,2019-09-22T08:49:01.000Z,0.626713,37.690963,8712554@N02,davidecasteel,True,_DSC7788.jpg,https://live.staticflickr.com/65535/49008836181_dcd0c08c15_b.jpg,true,"Dallas, Texas, USA","(32.777976989746094, -96.79621124267578)",32.777976989746094,-96.79621124267578,"(0.626713, 37.690963)",['grevy zebra general africa bbox'],1
1,65.28857946395874,2019-08-26T08:55:25.000Z,-0.596534,30.993094,137129299@N07,Claudio e Lucia Images around the world,True,IMGP2854 Looking to me,https://live.staticflickr.com/65535/48736661396_5542502e08_b.jpg,true,,,,,"(-0.596534, 30.993094)",['grevy zebra general africa bbox'],1
2,80.73561191558838,2020-09-12 14:51:50,,,182154321@N04,Pinguin Photo,True,DSC_0632,https://live.staticflickr.com/65535/50343096012_3337565da9_b.jpg,false,,,,,"(nan, nan)","['grevy zebra general africa bbox', 'grevy zebra general']",270
3,87.0507299900055,2020-09-08 14:12:03,,,51836494@N00,louisemarston,True,Grévy's zebra,https://live.staticflickr.com/65535/50330378498_2ac8799d01_b.jpg,false,,,,,"(nan, nan)","['grevy zebra general africa bbox', 'grevy zebra general']",270
4,97.22952842712402,2020-07-16 09:25:01,,,62950692@N03,j.a.kok,True,Grevy´s zebra Artis BB2A0556,https://live.staticflickr.com/65535/50290870476_735d637177_b.jpg,false,Netherlands,"(52.24565505981445, 5.626992225646973)",52.24565505981445,5.626992225646973,"(nan, nan)","['grevy zebra general africa bbox', 'grevy zebra general']",270
5,89.23457860946655,2020-02-29 05:36:59,,,58635591@N00,tetedefromage,True,,https://live.staticflickr.com/65535/50281712413_ce4b015dcb_b.jpg,false,"Palm Bay, FL, USA","(27.99901580810547, -80.67266082763672)",27.99901580810547,-80.67266082763672,"(nan, nan)","['grevy zebra general africa bbox', 'grevy zebra general']",270
6,64.11391496658325,2020-08-02 16:08:31,,,189914943@N05,CALoveSD,True,Hello Friend,https://live.staticflickr.com/65535/50279047446_92c3791306_b.jpg,false,,,,,"(nan, nan)","['grevy zebra general africa bbox', 'grevy zebra general']",270
7,33.97721350193024,2020-08-02 16:08:56,,,189914943@N05,CALoveSD,True,Zebra,https://live.staticflickr.com/65535/50279045861_0d44e215dd_b.jpg,false,,,,,"(nan, nan)","['grevy zebra general africa bbox', 'grevy zebra general']",270
8,92.85488724708556,2020-06-24 12:14:59,,,127546708@N05,nicoleemcintyre,True,Zebra,https://live.staticflickr.com/65535/50272554752_1c227e15d0_b.jpg,false,,,,,"(nan, nan)","['grevy zebra general africa bbox', 'grevy zebra general']",270
9,22.715820372104645,2020-08-18 12:46:42,,,157132713@N05,robm1478,True,Rhinos and Zebra,https://live.staticflickr.com/65535/50243931573_6d8d44964f_b.jpg,false,,,,,"(nan, nan)","['grevy zebra general africa bbox', 'grevy zebra general']",270
10,93.19302439689636,2020-08-18 03:09:21,,,189753807@N07,skyapollonstudio,True,1595235192632_filtered,https://live.staticflickr.com/65535/50240149481_a16ca46dbd_b.jpg,false,,,,,"(nan, nan)","['grevy zebra general africa bbox', 'grevy zebra general']",270
11,95.98258137702942,2020-07-13 14:25:30,,,98337674@N04,Doubledutch13,True,"Grevy's Zebra, Yorkshire Wildlife Park-7131184.jpg",https://live.staticflickr.com/65535/50202567428_d4a6f2ed7c_b.jpg,false,,,,,"(nan, nan)","['grevy zebra general africa bbox', 'grevy zebra general']",270
12,39.62894380092621,2020-07-31 12:38:28,,,44254340@N06,PeteMartin,True,Zebra.,https://live.staticflickr.com/65535/50176795018_935ba9dbf4_b.jpg,false,Netherlands,"(52.24565505981445, 5.626992225646973)",52.24565505981445,5.626992225646973,"(nan, nan)","['grevy zebra general africa bbox', 'grevy zebra general']",270
13,89.59686756134033,2020-07-28 11:39:36,,,126972400@N03,erik.verheyen,True,Beekse Bergen,https://live.staticflickr.com/65535/50161541478_a47e0d67a9_b.jpg,false,,,,,"(nan, nan)","['grevy zebra general africa bbox', 'grevy zebra general']",270
14,,2020-07-06T12:11:55.000Z,,,46117671@N08,s wainwright,True,2020 - 07 - 06 - EOS 600 - Grevy s Zebras - Chester Zoo - 000,https://live.staticflickr.com/65535/50087690228_baee02fbec_b.jpg,false,Wales,"(51.48130798339844, -3.180497884750366)",51.48130798339844,-3.180497884750366,"(nan, nan)",['grevy zebra general'],270
15,,2020-07-06T12:12:39.000Z,,,46117671@N08,s wainwright,True,2020 - 07 - 06 - EOS 600 - Grevy s Zebras - Chester Zoo - 004,https://live.staticflickr.com/65535/50087674173_56542efffe_b.jpg,false,Wales,"(51.48130798339844, -3.180497884750366)",51.48130798339844,-3.180497884750366,"(nan, nan)",['grevy zebra general'],270
16,,2020-07-06T12:12:54.000Z,,,46117671@N08,s wainwright,True,2020 - 07 - 06 - EOS 600 - Grevy s Zebras - Chester Zoo - 006 - 00,https://live.staticflickr.com/65535/50088477507_b58a76ba7c_b.jpg,false,Wales,"(51.48130798339844, -3.180497884750366)",51.48130798339844,-3.180497884750366,"(nan, nan)",['grevy zebra general'],270
17,,2020-07-06T12:13:24.000Z,,,46117671@N08,s wainwright,True,2020 - 07 - 06 - EOS 600 - Grevy s Zebras - Chester Zoo - 014,https://live.staticflickr.com/65535/50087660138_c2a8fa0a8c_b.jpg,false,Wales,"(51.48130798339844, -3.180497884750366)",51.48130798339844,-3.180497884750366,"(nan, nan)",['grevy zebra general'],270
18,,2020-07-04T11:33:30.000Z,,,160762536@N06,ianmerrill4,True,412A0359,https://live.staticflickr.com/65535/50090863086_88c51e080d_b.jpg,unknown,,,,,"(nan, nan)",['grevy zebra general'],270
19,,2020-07-04T11:34:19.000Z,,,160762536@N06,ianmerrill4,True,412A0366,https://live.staticflickr.com/65535/50091101427_125cdb8088_b.jpg,true,,,,,"(nan, nan)",['grevy zebra general'],270
20,,2020-03-11T12:03:06.000Z,,,62950692@N03,j.a.kok,True,grevy zebra Artis BB2A0744,https://live.staticflickr.com/65535/50068218828_4d7d524b46_b.jpg,false,Netherlands,"(52.24565505981445, 5.626992225646973)",52.24565505981445,5.626992225646973,"(nan, nan)",['grevy zebra general'],270
21,,2020-07-06T12:13:57.000Z,,,46117671@N08,s wainwright,True,2020 - 07 - 06 - EOS 600 - Grevy s Zebras - Chester Zoo - 020,https://live.staticflickr.com/65535/50088353671_69c5b48668_b.jpg,false,Wales,"(51.48130798339844, -3.180497884750366)",51.48130798339844,-3.180497884750366,"(nan, nan)",['grevy zebra general'],270
22,,2020-06-28T10:16:24.000Z,,,147484748@N08,Stephan Peyer,True,A7_02718 Zebra,https://live.staticflickr.com/65535/50070144212_97ba2da206_b.jpg,unknown,"CH-8180 Bülach, Schweiz","(47.51911, 8.54008)",47.51911,8.54008,"(nan, nan)",['grevy zebra general'],270
23,,2020-07-05T10:19:19.000Z,,,104185028@N06,eileen.mccallum,True,Feeding time,https://live.staticflickr.com/65535/50083355952_c597f6c95c_b.jpg,true,,,,,"(nan, nan)",['grevy zebra general'],270
24,,2020-07-04T15:05:24.000Z,,,85512596@N00,clare_and_ben,True,IMG_9930,https://live.staticflickr.com/65535/50080699298_476af9a45f_b.jpg,false,,,,,"(nan, nan)",['grevy zebra general'],270
25,,2020-07-05T10:21:04.000Z,,,104185028@N06,eileen.mccallum,True,This looks like a good spot,https://live.staticflickr.com/65535/50083355882_bbf5441c2c_b.jpg,false,,,,,"(nan, nan)",['grevy zebra general'],270
26,,2020-03-11T12:03:53.000Z,,,62950692@N03,j.a.kok,True,grevy zebra Artis BB2A0760,https://live.staticflickr.com/65535/50068220023_f9d863fe79_b.jpg,false,Netherlands,"(52.24565505981445, 5.626992225646973)",52.24565505981445,5.626992225646973,"(nan, nan)",['grevy zebra general'],270
27,,2020-07-01T02:32:02.000Z,,,123414793@N07,tromadz,True,Zebra,https://live.staticflickr.com/65535/50085069906_f39a228c3b_b.jpg,false,,,,,"(nan, nan)",['grevy zebra general'],270
28,,2020-07-05T10:22:07.000Z,,,104185028@N06,eileen.mccallum,True,Thirsty,https://live.staticflickr.com/65535/50082532483_ecee174994_b.jpg,false,,,,,"(nan, nan)",['grevy zebra general'],270
29,,2020-07-05T10:22:29.000Z,,,104185028@N06,eileen.mccallum,True,Hartsman's Mountain Zebra,https://live.staticflickr.com/65535/50083115301_679b746268_b.jpg,false,,,,,"(nan, nan)",['grevy zebra general'],270
30,,2020-06-30T11:17:30.000Z,,,86865747@N04,DuggieH,True,Zebras!,https://live.staticflickr.com/65535/50070521586_87c0980fb6_b.jpg,false,,,,,"(nan, nan)",['grevy zebra general'],270
31,,2020-06-26T14:48:59.000Z,,,15809992@N00,Kuby!,True,Grevyi Zebra,https://live.staticflickr.com/65535/50064252616_673bb2e818_b.jpg,false,"Springfield, MO, USA","(37.21552276611328, -93.2923583984375)",37.21552276611328,-93.2923583984375,"(nan, nan)",['grevy zebra general'],270
32,,2020-07-05T10:21:09.000Z,,,104185028@N06,eileen.mccallum,True,tasting the water,https://live.staticflickr.com/65535/50083355737_5bdfdb5fd8_b.jpg,false,,,,,"(nan, nan)",['grevy zebra general'],270
33,,2020-07-06T12:12:30.000Z,,,46117671@N08,s wainwright,True,2020 - 07 - 06 - EOS 600 - Grevy s Zebras - Chester Zoo - 002,https://live.staticflickr.com/65535/50088260441_f594625657_b.jpg,false,Wales,"(51.48130798339844, -3.180497884750366)",51.48130798339844,-3.180497884750366,"(nan, nan)",['grevy zebra general'],270
34,,2020-06-06T09:05:35.000Z,,,84152923@N08,MrTDiddy,True,Hartmanns bergzebra - Equus zebra hartmannae - Hartmann's mountain zebra,https://live.staticflickr.com/65535/50065157103_b8f6412ac3_b.jpg,false,Belgium,"(50.64095687866211, 4.661285877227783)",50.64095687866211,4.661285877227783,"(nan, nan)",['grevy zebra general'],270
35,,2020-06-19T10:41:18.000Z,,,184083064@N06,chris_smith_uk,True,Low Key Zebra,https://live.staticflickr.com/65535/50055884556_5128979044_b.jpg,unknown,,,,,"(nan, nan)",['grevy zebra general'],270
36,,2020-06-22T15:03:34.000Z,,,8613019@N03,mfelsky,True,Zebra Toronto Zoo MF340800,https://live.staticflickr.com/65535/50054802537_a3d9d8bbe7_b.jpg,false,,,,,"(nan, nan)",['grevy zebra general'],270
37,,2020-06-30T12:32:55.000Z,,,143081774@N07,brain3ater,True,Stripes,https://live.staticflickr.com/65535/50062796431_081c09dbfd_b.jpg,false,,,,,"(nan, nan)",['grevy zebra general'],270
38,,2020-06-11T13:32:51.000Z,,,185494468@N05,carl.schoenenberger,True,_I6A6781,https://live.staticflickr.com/65535/49996255941_183b7353ba_b.jpg,unknown,,,,,"(nan, nan)",['grevy zebra general'],270
39,,2020-06-16T09:36:08.000Z,,,28621297@N03,terrificphotos,True,3TR_0559 Zebras,https://live.staticflickr.com/65535/50013476483_e7cfb99273_b.jpg,unknown,USA,"(39.50355529785156, -99.01830291748047)",39.50355529785156,-99.01830291748047,"(nan, nan)",['grevy zebra general'],270
40,,2020-06-22T23:38:03.000Z,,,146272131@N07,foundin_a_attic,True,img431,https://live.staticflickr.com/65535/50036450492_5779f16096_b.jpg,false,,,,,"(nan, nan)",['grevy zebra general'],270
41,,2020-06-23T13:42:58.000Z,,,45412657@N06,Barbara Walzer,True,Naturschutz in Zeiten von Corona im Frankfurter Zoo-bw_20200623_8767.jpg,https://live.staticflickr.com/65535/50038847637_0a970d31b2_b.jpg,false,,,,,"(nan, nan)",['grevy zebra general'],270
42,,2020-06-25T13:15:02.000Z,,,184627871@N02,adam.pearson94,True,Zebra,https://live.staticflickr.com/65535/50046567108_e912fcb7a9_b.jpg,false,,,,,"(nan, nan)",['grevy zebra general'],270
43,,2020-03-11T12:03:03.000Z,,,62950692@N03,j.a.kok,True,grevy zebra Artis BB2A0741,https://live.staticflickr.com/65535/50068214998_454ed6544c_b.jpg,false,Netherlands,"(52.24565505981445, 5.626992225646973)",52.24565505981445,5.626992225646973,"(nan, nan)",['grevy zebra general'],270
44,,2020-06-23T13:48:13.000Z,,,45412657@N06,Barbara Walzer,True,Naturschutz in Zeiten von Corona im Frankfurter Zoo-bw_20200623_8776.jpg,https://live.staticflickr.com/65535/50038590056_bc3edd8920_b.jpg,false,,,,,"(nan, nan)",['grevy zebra general'],270
45,,2020-06-15T14:13:25.000Z,,,31544238@N07,andysnapper1,True,Zebra 1,https://live.staticflickr.com/65535/50019588031_e78c47a406_b.jpg,false,,,,,"(nan, nan)",['grevy zebra general'],270
46,,2020-06-21T15:27:20.000Z,,,42291519@N03,alsib,True,Whipsnade-Zoo-21-June-2020-0114,https://live.staticflickr.com/65535/50031477202_edf1281e5c_b.jpg,false,,,,,"(nan, nan)",['grevy zebra general'],270
47,,2020-06-16T09:39:19.000Z,,,28621297@N03,terrificphotos,True,3TR_0566 Social Distancing,https://live.staticflickr.com/65535/50013475018_f49180a7a2_b.jpg,unknown,USA,"(39.50355529785156, -99.01830291748047)",39.50355529785156,-99.01830291748047,"(nan, nan)",['grevy zebra general'],270
48,,2020-06-16T09:37:12.000Z,,,28621297@N03,terrificphotos,True,3TR_0561 Zebra,https://live.staticflickr.com/65535/50014005731_9da922e421_b.jpg,false,USA,"(39.50355529785156, -99.01830291748047)",39.50355529785156,-99.01830291748047,"(nan, nan)",['grevy zebra general'],270
49,,2020-05-22T12:04:11.000Z,,,33258175@N08,Mostly Tim,True,step by step,https://live.staticflickr.com/65535/49979792371_a9946cecf5_b.jpg,false,,,,,"(nan, nan)",['grevy zebra general'],270
50,,2020-02-17T11:22:16.000Z,,,62950692@N03,j.a.kok,True,grevy zebra artis BB2A0576,https://live.staticflickr.com/65535/49991280208_4dfb4b8ed8_b.jpg,unknown,Netherlands,"(52.24565505981445, 5.626992225646973)",52.24565505981445,5.626992225646973,"(nan, nan)",['grevy zebra general'],270
51,,2020-05-22T12:07:14.000Z,,,33258175@N08,Mostly Tim,True,3z,https://live.staticflickr.com/65535/49952339327_1a519cd457_b.jpg,false,,,,,"(nan, nan)",['grevy zebra general'],270
52,,2020-06-02T13:50:54.000Z,,,150502132@N06,René Ouderling,True,strolling,https://live.staticflickr.com/65535/49966092093_fca545662c_b.jpg,false,"Tilburg, Netherlands","(51.55512237548828, 5.090493202209473)",51.55512237548828,5.090493202209473,"(nan, nan)",['grevy zebra general'],270
53,,2020-06-06T09:13:49.000Z,,,186358106@N07,Orcanius,True,2020-06-06-09-13-49-_PO5252100087.jpg,https://live.staticflickr.com/65535/49980408682_0b1d39f2cd_b.jpg,unknown,,,,,"(nan, nan)",['grevy zebra general'],270
54,,2020-05-24T10:10:42.000Z,,,132559310@N03,Richard Oude Egbrink,True,Artis Zoo,https://live.staticflickr.com/65535/49930564608_e92bc0eb19_b.jpg,false,"Almere, Netherlands","(52.37201690673828, 5.216705799102783)",52.37201690673828,5.216705799102783,"(nan, nan)",['grevy zebra general'],270
55,,2020-05-18T10:09:29.000Z,,,128203201@N02,Eddy L.,True,Tg Nbg              is this love ?             200518,https://live.staticflickr.com/65535/49913243821_00faf11a83_b.jpg,false,"Nürnberg ,Nuremberg, Germany","(49.45051956176758, 11.080479621887207)",49.45051956176758,11.080479621887207,"(nan, nan)",['grevy zebra general'],270
56,,2020-05-28T11:27:35.000Z,,,84804903@N00,~~Nelly~~,True,Terug naar Planckendael,https://live.staticflickr.com/65535/49947217193_b9561c6055_b.jpg,false,"Mechelen, Belgium","(51.02893829345703, 4.477941036224365)",51.02893829345703,4.477941036224365,"(nan, nan)",['grevy zebra general'],270
57,,2020-05-24T10:10:26.000Z,,,132559310@N03,Richard Oude Egbrink,True,Artis Zoo,https://live.staticflickr.com/65535/49931074651_c0302b4da8_b.jpg,false,"Almere, Netherlands","(52.37201690673828, 5.216705799102783)",52.37201690673828,5.216705799102783,"(nan, nan)",['grevy zebra general'],270
58,,2020-05-18T11:39:00.000Z,,,33258175@N08,Mostly Tim,True,Something in the water,https://live.staticflickr.com/65535/49913229386_cfdb549b55_b.jpg,unknown,,,,,"(nan, nan)",['grevy zebra general'],270
59,,2020-05-22T12:04:11.000Z,,,33258175@N08,Mostly Tim,True,stripes,https://live.staticflickr.com/65535/49922563118_7daf15e641_b.jpg,false,,,,,"(nan, nan)",['grevy zebra general'],270
60,,2020-03-21T12:06:52.000Z,,,36885938@N07,Annette Rumbelow,True,Grant's Zebra (Equus quagga boehmi),https://live.staticflickr.com/65535/49917133497_22ce396e30_b.jpg,unknown,,,,,"(nan, nan)",['grevy zebra general'],270
61,,2020-05-04T14:13:11.000Z,,,188300018@N06,CaptureMemoriesThroughALens,True,zebras_49775501806_o,https://live.staticflickr.com/65535/49856824672_c7f462fb13_b.jpg,unknown,,,,,"(nan, nan)",['grevy zebra general'],270
62,,2019-12-28T16:06:41.000Z,,,183554938@N06,verashid76,True,Grevy’s Zebra!,https://live.staticflickr.com/65535/49822340037_1d6e74c448_b.jpg,unknown,,,,,"(nan, nan)",['grevy zebra general'],270
63,,2020-04-13T21:20:20.000Z,,,188111944@N02,jeordiesrainbow,True,zebra,https://live.staticflickr.com/65535/49814656722_149168f5eb_b.jpg,unknown,Edwardsville illinois,"(38.811309814453125, -89.95572662353516)",38.811309814453125,-89.95572662353516,"(nan, nan)",['grevy zebra general'],270
64,,2020-04-14T19:26:59.000Z,,,68220522@N07,CountYourBlessings734,True,Zebras!!!,https://live.staticflickr.com/65535/49775501806_ca115957bc_b.jpg,unknown,,,,,"(nan, nan)",['grevy zebra general'],270
65,,2020-04-19T11:31:28.000Z,,,188013352@N05,JPhotos115,True,0D046B27-71E1-4C7D-B991-9AF35E3CC813,https://live.staticflickr.com/65535/49794439512_0c4e8ff4eb_b.jpg,false,"Winter Haven, FL, USA","(28.025876998901367, -81.7328872680664)",28.025876998901367,-81.7328872680664,"(nan, nan)",['grevy zebra general'],270
66,,2020-07-02T08:41:47.000Z,,,11928454@N04,pastough,True,IMG_7348.jpg,https://live.staticflickr.com/65535/50100837398_82462fc341_b.jpg,false,,,,,"(nan, nan)",['grevy zebra general'],270
67,,2020-07-02T08:41:39.000Z,,,11928454@N04,pastough,True,IMG_7345.jpg,https://live.staticflickr.com/65535/50101418951_ce9f499e8b_b.jpg,false,,,,,"(nan, nan)",['grevy zebra general'],270
68,,2020-09-04T11:49:37.000Z,,,58438371@N02,Eric de Redelijkheid,True,Grevy's Zebra,https://live.staticflickr.com/65535/50333891232_0c6985738d_b.jpg,false,"Utrecht, Netherlands","(52.09168243408203, 5.120363235473633)",52.09168243408203,5.120363235473633,"(nan, nan)","['grevy zebra general africa bbox', 'grevy zebra general']",270
69,,2020-09-11T11:06:03.000Z,,,51533216@N07,Markus Aeschimann,True,Zoo Zürich - 11. September 2020,https://live.staticflickr.com/65535/50330913283_8480f0f89e_b.jpg,false,,,,,"(nan, nan)","['grevy zebra general africa bbox', 'grevy zebra general']",270
70,,2020-09-15T12:08:46.000Z,,,8491474@N05,dopol50,True,Zebra B/W,https://live.staticflickr.com/65535/50348493301_8a0caf11e8_b.jpg,false,,,,,"(nan, nan)","['grevy zebra general africa bbox', 'grevy zebra general']",270
71,,2020-07-29T15:47:52.000Z,,,65125272@N08,NickD71,True,Mono in Mono,https://live.staticflickr.com/65535/50322788626_1fe51663d3_b.jpg,false,,,,,"(nan, nan)","['grevy zebra general africa bbox', 'grevy zebra general']",270
72,,2020-09-12T14:51:52.000Z,,,182154321@N04,Pinguin Photo,True,DSC_0635,https://live.staticflickr.com/65535/50342254333_e4e170af0c_b.jpg,false,,,,,"(nan, nan)","['grevy zebra general africa bbox', 'grevy zebra general']",270
73,,2020-09-12T14:51:58.000Z,,,182154321@N04,Pinguin Photo,True,DSC_0641,https://live.staticflickr.com/65535/50343095692_a5a0c1b30e_b.jpg,false,,,,,"(nan, nan)","['grevy zebra general africa bbox', 'grevy zebra general']",270
74,,2020-09-06T11:23:10.000Z,,,27518428@N00,vambo25,True,"Zebra, Yorkshire Wildlife Park",https://live.staticflickr.com/65535/50320283141_77d72f6a98_b.jpg,false,"Leeds, United Kingdom","(53.79969024658203, -1.549103021621704)",53.79969024658203,-1.549103021621704,"(nan, nan)","['grevy zebra general africa bbox', 'grevy zebra general']",270
75,,2020-09-07T12:15:39.000Z,,,66833533@N03,mark f2.9,True,Friendship at an Early Age,https://live.staticflickr.com/65535/50323175147_5c33ae6b13_b.jpg,false,,,,,"(nan, nan)","['grevy zebra general africa bbox', 'grevy zebra general']",270
76,,2020-09-15T08:00:08.000Z,,,56952264@N06,josch1962,True,L1012153,https://live.staticflickr.com/65535/50347038448_1b1f5a5799_b.jpg,false,Palm Springs,"(33.83030319213867, -116.54684448242188)",33.83030319213867,-116.54684448242188,"(nan, nan)","['grevy zebra general africa bbox', 'grevy zebra general']",270
77,,2020-09-04T11:48:21.000Z,,,58438371@N02,Eric de Redelijkheid,True,Grevy's Zebra,https://live.staticflickr.com/65535/50333044493_c29362a67e_b.jpg,false,"Utrecht, Netherlands","(52.09168243408203, 5.120363235473633)",52.09168243408203,5.120363235473633,"(nan, nan)","['grevy zebra general africa bbox', 'grevy zebra general']",270
78,,2020-09-07T09:36:16.000Z,,,66833533@N03,mark f2.9,True,Youngsters at Play,https://live.staticflickr.com/65535/50323175127_93caf1144a_b.jpg,false,,,,,"(nan, nan)","['grevy zebra general africa bbox', 'grevy zebra general']",270
79,,2020-09-11T11:10:21.000Z,,,51533216@N07,Markus Aeschimann,True,Zoo Zürich - 11. September 2020,https://live.staticflickr.com/65535/50330911698_9310a1f0f0_b.jpg,false,,,,,"(nan, nan)","['grevy zebra general africa bbox', 'grevy zebra general']",270
80,,2020-08-24T15:24:00.000Z,,,36436100@N07,chris d n whitehead,True,Zebra chester zoo,https://live.staticflickr.com/65535/50330751427_39608c552c_b.jpg,false,"Chester, England","(53.19145584106445, -2.8950068950653076)",53.19145584106445,-2.8950068950653076,"(nan, nan)","['grevy zebra general africa bbox', 'grevy zebra general']",270
81,,2020-09-13T15:31:16.000Z,,,44254340@N06,PeteMartin,True,Zebra.,https://live.staticflickr.com/65535/50342183071_656153cd9d_b.jpg,false,Netherlands,"(52.24565505981445, 5.626992225646973)",52.24565505981445,5.626992225646973,"(nan, nan)","['grevy zebra general africa bbox', 'grevy zebra general']",270
82,,2020-09-07T12:03:58.000Z,,,66833533@N03,mark f2.9,True,Dust Bath,https://live.staticflickr.com/65535/50322998556_4a47571696_b.jpg,false,,,,,"(nan, nan)","['grevy zebra general africa bbox', 'grevy zebra general']",270
83,,2020-09-11T11:08:16.000Z,,,51533216@N07,Markus Aeschimann,True,Zoo Zürich - 11. September 2020,https://live.staticflickr.com/65535/50331761622_2d65e2cf18_b.jpg,false,,,,,"(nan, nan)","['grevy zebra general africa bbox', 'grevy zebra general']",270
84,,2020-09-08T14:10:07.000Z,,,51836494@N00,louisemarston,True,Grévy's zebra,https://live.staticflickr.com/65535/50331054251_e44310e59b_b.jpg,false,,,,,"(nan, nan)","['grevy zebra general africa bbox', 'grevy zebra general']",270
85,,2020-09-07T09:39:09.000Z,,,66833533@N03,mark f2.9,True,By the Water hole,https://live.staticflickr.com/65535/50323175232_05d3b497b9_b.jpg,false,,,,,"(nan, nan)","['grevy zebra general africa bbox', 'grevy zebra general']",270
86,,2020-09-05T14:08:14.000Z,,,61062609@N00,kellyv,True,20200905-108A8628,https://live.staticflickr.com/65535/50321252396_778ee98fd4_b.jpg,false,"Richmond, VA, United States","(37.5407600402832, -77.43392944335938)",37.5407600402832,-77.43392944335938,"(nan, nan)","['grevy zebra general africa bbox', 'grevy zebra general']",270
87,,2020-09-08T12:34:33.000Z,,,34190295@N02,babygreys,True,Don't make me laugh....,https://live.staticflickr.com/65535/50319796793_b3456e1920_b.jpg,false,,,,,"(nan, nan)","['grevy zebra general africa bbox', 'grevy zebra general']",270
88,,2020-09-05T14:08:40.000Z,,,61062609@N00,kellyv,True,20200905-108A8633,https://live.staticflickr.com/65535/50320579963_c8a4054fb0_b.jpg,false,"Richmond, VA, United States","(37.5407600402832, -77.43392944335938)",37.5407600402832,-77.43392944335938,"(nan, nan)","['grevy zebra general africa bbox', 'grevy zebra general']",270
89,,2020-07-22T08:56:16.000Z,,,62950692@N03,j.a.kok,True,grevy´s zebra artis BB2A0729,https://live.staticflickr.com/65535/50314347396_3c6e3b9f83_b.jpg,false,Netherlands,"(52.24565505981445, 5.626992225646973)",52.24565505981445,5.626992225646973,"(nan, nan)","['grevy zebra general africa bbox', 'grevy zebra general']",270
90,,2020-07-22T09:01:19.000Z,,,62950692@N03,j.a.kok,True,grevy´s zebra artis BB2A0766,https://live.staticflickr.com/65535/50314526472_021d91d614_b.jpg,false,Netherlands,"(52.24565505981445, 5.626992225646973)",52.24565505981445,5.626992225646973,"(nan, nan)","['grevy zebra general africa bbox', 'grevy zebra general']",270
91,,2020-07-22T10:38:54.000Z,,,62950692@N03,j.a.kok,True,grevy´s zebra artis BB2A0068,https://live.staticflickr.com/65535/50314522577_0867e2941f_b.jpg,false,Netherlands,"(52.24565505981445, 5.626992225646973)",52.24565505981445,5.626992225646973,"(nan, nan)","['grevy zebra general africa bbox', 'grevy zebra general']",270
92,,2019-10-20T12:43:24.000Z,,,95285827@N03,Tinsley 41A,True,Grevys Zebra,https://live.staticflickr.com/65535/50313230317_5acde3cec5_b.jpg,false,England,"(51.500152587890625, -0.12623600661754608)",51.500152587890625,-0.12623600661754608,"(nan, nan)","['grevy zebra general africa bbox', 'grevy zebra general']",270
93,,2020-07-22T08:56:43.000Z,,,62950692@N03,j.a.kok,True,grevy´s zebra artis BB2A0741,https://live.staticflickr.com/65535/50314349391_1a0db60730_b.jpg,unknown,Netherlands,"(52.24565505981445, 5.626992225646973)",52.24565505981445,5.626992225646973,"(nan, nan)","['grevy zebra general africa bbox', 'grevy zebra general']",270
94,,2019-10-20T12:41:38.000Z,,,95285827@N03,Tinsley 41A,True,Grevys Zebra,https://live.staticflickr.com/65535/50313230207_e5beacfb61_b.jpg,false,England,"(51.500152587890625, -0.12623600661754608)",51.500152587890625,-0.12623600661754608,"(nan, nan)","['grevy zebra general africa bbox', 'grevy zebra general']",270
95,,2020-09-07T12:41:46.000Z,,,73346041@N02,snapperpeter,True,200907-Chester_Z00-0048,https://live.staticflickr.com/65535/50316796408_1fca40c72f_b.jpg,false,"Crewe, Cheshire","(53.067996978759766, -2.864659070968628)",53.067996978759766,-2.864659070968628,"(nan, nan)","['grevy zebra general africa bbox', 'grevy zebra general']",270
96,,2020-07-22T10:43:36.000Z,,,62950692@N03,j.a.kok,True,grevy´s zebra artis BB2A0071,https://live.staticflickr.com/65535/50313674738_e373a1cab9_b.jpg,false,Netherlands,"(52.24565505981445, 5.626992225646973)",52.24565505981445,5.626992225646973,"(nan, nan)","['grevy zebra general africa bbox', 'grevy zebra general']",270
97,,2020-07-22T08:53:09.000Z,,,62950692@N03,j.a.kok,True,grevy´s zebra artis BB2A0687,https://live.staticflickr.com/65535/50313675943_8f727565f1_b.jpg,false,Netherlands,"(52.24565505981445, 5.626992225646973)",52.24565505981445,5.626992225646973,"(nan, nan)","['grevy zebra general africa bbox', 'grevy zebra general']",270
98,,2020-09-06T11:03:15.000Z,,,95285827@N03,Tinsley 41A,True,Grevys Zebra,https://live.staticflickr.com/65535/50316936911_7a37716bd8_b.jpg,unknown,England,"(51.500152587890625, -0.12623600661754608)",51.500152587890625,-0.12623600661754608,"(nan, nan)","['grevy zebra general africa bbox', 'grevy zebra general']",270
99,,2020-09-07T05:17:56.000Z,,,129549091@N03,juliane.reiss,True,zebra,https://live.staticflickr.com/65535/50314994458_3596d36046_b.jpg,false,,,,,"(nan, nan)","['grevy zebra general africa bbox', 'grevy zebra general']",270
100,,2020-07-22T09:05:46.000Z,,,62950692@N03,j.a.kok,True,grevy´s zebra artis BB2A0796,https://live.staticflickr.com/65535/50313679373_c43f34cf9b_b.jpg,false,Netherlands,"(52.24565505981445, 5.626992225646973)",52.24565505981445,5.626992225646973,"(nan, nan)","['grevy zebra general africa bbox', 'grevy zebra general']",270
101,,2020-09-05T14:13:06.000Z,,,32086739@N02,OurTravelPics.com,True,amersfoort_8_100,https://live.staticflickr.com/65535/50316002241_c02250d9c4_b.jpg,false,,,,,"(nan, nan)","['grevy zebra general africa bbox', 'grevy zebra general']",270
102,,2020-09-04T15:29:37.000Z,,,69080348@N04,Troll-66,True,Grevy's Zebra,https://live.staticflickr.com/65535/50309348298_ff8889344d_b.jpg,false,Canada,"(62.5742073059082, -96.60790252685547)",62.5742073059082,-96.60790252685547,"(nan, nan)","['grevy zebra general africa bbox', 'grevy zebra general']",270
103,,2020-08-22T09:46:44.000Z,,,66619283@N00,sulkyblue,True,Zebra,https://live.staticflickr.com/65535/50300288833_8f6540d7b8_b.jpg,false,"London, UK","(51.500152587890625, -0.12623600661754608)",51.500152587890625,-0.12623600661754608,"(nan, nan)","['grevy zebra general africa bbox', 'grevy zebra general']",270
104,,2020-08-24T09:33:05.000Z,,,189784091@N02,stephen.frost01,True,Zebra Grazing,https://live.staticflickr.com/65535/50298818946_ff66dd8efb_b.jpg,unknown,,,,,"(nan, nan)","['grevy zebra general africa bbox', 'grevy zebra general']",270
105,,2020-08-22T10:10:46.000Z,,,66619283@N00,sulkyblue,True,Zebra,https://live.staticflickr.com/65535/50300974166_c3a2d5beb6_b.jpg,false,"London, UK","(51.500152587890625, -0.12623600661754608)",51.500152587890625,-0.12623600661754608,"(nan, nan)","['grevy zebra general africa bbox', 'grevy zebra general']",270
106,,2020-07-16T09:32:23.000Z,,,62950692@N03,j.a.kok,True,Grevy´s zebra Artis BB2A0596,https://live.staticflickr.com/65535/50291019672_06608b315b_b.jpg,false,Netherlands,"(52.24565505981445, 5.626992225646973)",52.24565505981445,5.626992225646973,"(nan, nan)","['grevy zebra general africa bbox', 'grevy zebra general']",270
107,,2020-07-28T10:41:08.000Z,,,135624063@N08,watt.charlene,True,Grevy's Zebra (Equus grevyi).,https://live.staticflickr.com/65535/50270932121_a668d5abb5_b.jpg,false,,,,,"(nan, nan)","['grevy zebra general africa bbox', 'grevy zebra general']",270
108,,2020-07-16T12:00:12.000Z,,,62950692@N03,j.a.kok,True,Grevy´s zebra Artis BB2A1481,https://live.staticflickr.com/65535/50290874666_8fb0da8b05_b.jpg,false,Netherlands,"(52.24565505981445, 5.626992225646973)",52.24565505981445,5.626992225646973,"(nan, nan)","['grevy zebra general africa bbox', 'grevy zebra general']",270
109,,2020-07-16T12:00:12.000Z,,,62950692@N03,j.a.kok,True,Grevy´s zebra Artis BB2A1480,https://live.staticflickr.com/65535/50290194108_9ac59cd63d_b.jpg,false,Netherlands,"(52.24565505981445, 5.626992225646973)",52.24565505981445,5.626992225646973,"(nan, nan)","['grevy zebra general africa bbox', 'grevy zebra general']",270
110,,2020-07-16T12:00:43.000Z,,,62950692@N03,j.a.kok,True,Grevy´s zebra Artis BB2A1497,https://live.staticflickr.com/65535/50290877676_f1786bb2f1_b.jpg,false,Netherlands,"(52.24565505981445, 5.626992225646973)",52.24565505981445,5.626992225646973,"(nan, nan)","['grevy zebra general africa bbox', 'grevy zebra general']",270
111,,2020-07-16T09:18:50.000Z,,,62950692@N03,j.a.kok,True,Grevy´s zebra Artis BB2A0531,https://live.staticflickr.com/65535/50291021077_9c06e369f1_b.jpg,false,Netherlands,"(52.24565505981445, 5.626992225646973)",52.24565505981445,5.626992225646973,"(nan, nan)","['grevy zebra general africa bbox', 'grevy zebra general']",270
112,,2020-08-27T14:23:45.000Z,,,56461225@N05,JulietKLH,True,IMG_3974,https://live.staticflickr.com/65535/50279129112_3189a29eb1_b.jpg,false,,,,,"(nan, nan)","['grevy zebra general africa bbox', 'grevy zebra general']",270
113,,2020-07-28T12:46:27.000Z,,,135624063@N08,watt.charlene,True,Grevy's Zebra (Equus grevyi).,https://live.staticflickr.com/65535/50270281938_13a668df98_b.jpg,unknown,,,,,"(nan, nan)","['grevy zebra general africa bbox', 'grevy zebra general']",270
114,,2020-07-16T12:00:44.000Z,,,62950692@N03,j.a.kok,True,Grevy´s zebra Artis BB2A1499,https://live.staticflickr.com/65535/50290201468_6bceb3a94f_b.jpg,false,Netherlands,"(52.24565505981445, 5.626992225646973)",52.24565505981445,5.626992225646973,"(nan, nan)","['grevy zebra general africa bbox', 'grevy zebra general']",270
115,,2020-08-25T16:35:59.000Z,,,162966071@N07,DicingWithLife,True,zoo zebra whipsnade,https://live.staticflickr.com/65535/50275481187_ca500c562b_b.jpg,unknown,,,,,"(nan, nan)","['grevy zebra general africa bbox', 'grevy zebra general']",270
116,,2020-07-16T12:01:17.000Z,,,62950692@N03,j.a.kok,True,Grevy´s zebra Artis BB2A1513,https://live.staticflickr.com/65535/50290875761_0556b540aa_b.jpg,false,Netherlands,"(52.24565505981445, 5.626992225646973)",52.24565505981445,5.626992225646973,"(nan, nan)","['grevy zebra general africa bbox', 'grevy zebra general']",270
117,,2020-08-18T11:12:46.000Z,,,154101152@N06,bernhard.gafner,True,Grevyzebra (Equus grevyi),https://live.staticflickr.com/65535/50277598458_0f763862c5_b.jpg,false,,,,,"(nan, nan)","['grevy zebra general africa bbox', 'grevy zebra general']",270
118,,2020-08-28T12:48:40.000Z,,,157191912@N04,SamSturdey,True,Hartmann's Zebra with Foal,https://live.staticflickr.com/65535/50283097167_ec57903371_b.jpg,false,,,,,"(nan, nan)","['grevy zebra general africa bbox', 'grevy zebra general']",270
119,,2020-07-28T12:41:28.000Z,,,135624063@N08,watt.charlene,True,Grevy's Zebra (Equus grevyi).,https://live.staticflickr.com/65535/50270281018_7cf714933c_b.jpg,false,,,,,"(nan, nan)","['grevy zebra general africa bbox', 'grevy zebra general']",270
120,,2020-07-16T10:24:00.000Z,,,84152923@N08,MrTDiddy,True,Grévyzebra - Equus grevyi - Grévy's zebra,https://live.staticflickr.com/65535/50257720323_0b41bc1521_b.jpg,false,Belgium,"(50.64095687866211, 4.661285877227783)",50.64095687866211,4.661285877227783,"(nan, nan)","['grevy zebra general africa bbox', 'grevy zebra general']",270
121,,2020-07-28T10:39:42.000Z,,,135624063@N08,watt.charlene,True,Grevy's Zebra (Equus grevyi).,https://live.staticflickr.com/65535/50270262123_0f90aba6c6_b.jpg,false,,,,,"(nan, nan)","['grevy zebra general africa bbox', 'grevy zebra general']",270
122,,2020-02-29T05:34:51.000Z,,,58635591@N00,tetedefromage,True,,https://live.staticflickr.com/65535/50281748923_be1da0e8d7_b.jpg,false,"Palm Bay, FL, USA","(27.99901580810547, -80.67266082763672)",27.99901580810547,-80.67266082763672,"(nan, nan)","['grevy zebra general africa bbox', 'grevy zebra general']",270
123,,2020-08-25T16:35:54.000Z,,,162966071@N07,DicingWithLife,True,bemused zebra whipsnade zoo,https://live.staticflickr.com/65535/50275481312_25a01c889d_b.jpg,false,,,,,"(nan, nan)","['grevy zebra general africa bbox', 'grevy zebra general']",270
124,,2020-06-24T12:15:35.000Z,,,127546708@N05,nicoleemcintyre,True,Zebra,https://live.staticflickr.com/65535/50272554602_67815c61bd_b.jpg,false,,,,,"(nan, nan)","['grevy zebra general africa bbox', 'grevy zebra general']",270
125,,2020-07-28T13:44:50.000Z,,,135624063@N08,watt.charlene,True,Grevy's Zebra (Equus grevyi).,https://live.staticflickr.com/65535/50271142752_0d14998fb7_b.jpg,unknown,,,,,"(nan, nan)","['grevy zebra general africa bbox', 'grevy zebra general']",270
126,,2020-08-22T11:35:53.000Z,,,41558307@N05,Jem Salmon,True,Zebra,https://live.staticflickr.com/65535/50258788632_52b5fd4d5d_b.jpg,false,penmaenmawr,"(53.26808547973633, -3.9246320724487305)",53.26808547973633,-3.9246320724487305,"(nan, nan)","['grevy zebra general africa bbox', 'grevy zebra general']",270
127,,2020-08-31T07:14:45.000Z,,,124686822@N06,bpaige393,True,Can you see Me?,https://live.staticflickr.com/65535/50289775068_cf417c6edc_b.jpg,unknown,"Edmond, Oklahoma, USA","(35.653141021728516, -97.48151397705078)",35.653141021728516,-97.48151397705078,"(nan, nan)","['grevy zebra general africa bbox', 'grevy zebra general']",270
128,,2020-07-16T08:49:41.000Z,,,62950692@N03,j.a.kok,True,Grevy´s zebra Artis BB2A0432,https://live.staticflickr.com/65535/50290206498_01e446e0df_b.jpg,false,Netherlands,"(52.24565505981445, 5.626992225646973)",52.24565505981445,5.626992225646973,"(nan, nan)","['grevy zebra general africa bbox', 'grevy zebra general']",270
129,,2020-07-16T09:17:44.000Z,,,62950692@N03,j.a.kok,True,Grevy´s zebra Artis BB2A0523,https://live.staticflickr.com/65535/50291017732_0f376fddab_b.jpg,false,Netherlands,"(52.24565505981445, 5.626992225646973)",52.24565505981445,5.626992225646973,"(nan, nan)","['grevy zebra general africa bbox', 'grevy zebra general']",270
130,,2020-08-28T12:50:35.000Z,,,157191912@N04,SamSturdey,True,Hartmann's Zebra with Foal,https://live.staticflickr.com/65535/50282262928_739d21b9e5_b.jpg,false,,,,,"(nan, nan)","['grevy zebra general africa bbox', 'grevy zebra general']",270
131,,2020-08-12T10:02:48.000Z,,,185494468@N05,carl.schoenenberger,True,_I6A9417,https://live.staticflickr.com/65535/50265804478_fcc60186b0_b.jpg,false,,,,,"(nan, nan)","['grevy zebra general africa bbox', 'grevy zebra general']",270
132,,2020-08-08T13:04:10.000Z,,,94209416@N06,Seventh Heaven Photography - (Fauna),True,Grevy's Zebra (Equus grevyi),https://live.staticflickr.com/65535/50223146626_16e1db5786_b.jpg,false,"Shropshire, England","(52.63542175292969, -2.7341530323028564)",52.63542175292969,-2.7341530323028564,"(nan, nan)","['grevy zebra general africa bbox', 'grevy zebra general']",270
133,,2020-07-28T12:45:52.000Z,,,135624063@N08,watt.charlene,True,Grevy's Zebra (Equus grevyi).,https://live.staticflickr.com/65535/50271126367_fed4060b6b_b.jpg,unknown,,,,,"(nan, nan)","['grevy zebra general africa bbox', 'grevy zebra general']",270
134,,2020-07-16T09:31:36.000Z,,,62950692@N03,j.a.kok,True,Grevy´s zebra Artis BB2A0583,https://live.staticflickr.com/65535/50291020292_6fd79845e6_b.jpg,false,Netherlands,"(52.24565505981445, 5.626992225646973)",52.24565505981445,5.626992225646973,"(nan, nan)","['grevy zebra general africa bbox', 'grevy zebra general']",270
135,,2020-07-28T13:42:53.000Z,,,135624063@N08,watt.charlene,True,Grevy's Zebra (Equus grevyi).,https://live.staticflickr.com/65535/50270296613_34220b83a3_b.jpg,unknown,,,,,"(nan, nan)","['grevy zebra general africa bbox', 'grevy zebra general']",270
136,,2020-07-28T13:42:55.000Z,,,135624063@N08,watt.charlene,True,Grevy's Zebra (Equus grevyi).,https://live.staticflickr.com/65535/50270966536_57a05a0007_b.jpg,unknown,,,,,"(nan, nan)","['grevy zebra general africa bbox', 'grevy zebra general']",270
137,,2020-07-16T09:32:24.000Z,,,62950692@N03,j.a.kok,True,Grevy´s zebra Artis BB2A0598,https://live.staticflickr.com/65535/50290873286_4e5104f50b_b.jpg,false,Netherlands,"(52.24565505981445, 5.626992225646973)",52.24565505981445,5.626992225646973,"(nan, nan)","['grevy zebra general africa bbox', 'grevy zebra general']",270
138,,2020-05-20T11:15:30.000Z,,,88626887@N04,ElaNuernberg,True,Grévyzebra - Tiergarten Nürnberg - 20.05.2020,https://live.staticflickr.com/65535/50264001047_aaca20a0c6_b.jpg,false,Deutschland,"(51.09312438964844, 10.380208015441895)",51.09312438964844,10.380208015441895,"(nan, nan)","['grevy zebra general africa bbox', 'grevy zebra general']",270
139,,2020-08-18T18:59:18.000Z,,,47633122@N08,Raúl Barrero fotografía,True,"Cebra Grevy. Cabárceno, Cantábria.",https://live.staticflickr.com/65535/50255003551_a96a4ded7c_b.jpg,unknown,España,"(40.390106201171875, -3.554382085800171)",40.390106201171875,-3.554382085800171,"(nan, nan)","['grevy zebra general africa bbox', 'grevy zebra general']",270
140,,2020-08-20T18:11:40.000Z,,,56766207@N05,michel nguie,True,,https://live.staticflickr.com/65535/50247786498_130ff0f2ed_b.jpg,false,France,"(46.624813079833984, 2.458393096923828)",46.624813079833984,2.458393096923828,"(nan, nan)","['grevy zebra general africa bbox', 'grevy zebra general']",270
141,,2020-08-17T14:02:29.000Z,,,46117671@N08,s wainwright,True,2020 - 08 - 17 - EOS 600D - Grevy's Zebra - Chester Zoo - 000,https://live.staticflickr.com/65535/50245495023_5f9166f6a3_b.jpg,false,Wales,"(51.48130798339844, -3.180497884750366)",51.48130798339844,-3.180497884750366,"(nan, nan)","['grevy zebra general africa bbox', 'grevy zebra general']",270
142,,2020-08-17T14:02:29.000Z,,,46117671@N08,s wainwright,True,2020 - 08 - 17 - EOS 600D - Grevy's Zebra - Chester Zoo - 000 - 00,https://live.staticflickr.com/65535/50245503413_3f86147f1d_b.jpg,false,Wales,"(51.48130798339844, -3.180497884750366)",51.48130798339844,-3.180497884750366,"(nan, nan)","['grevy zebra general africa bbox', 'grevy zebra general']",270
143,,2020-08-17T14:08:44.000Z,,,46117671@N08,s wainwright,True,2020 - 08 - 17 - EOS 600D - Grevy's Zebra - Chester Zoo - 004,https://live.staticflickr.com/65535/50245471708_7fa188a312_b.jpg,false,Wales,"(51.48130798339844, -3.180497884750366)",51.48130798339844,-3.180497884750366,"(nan, nan)","['grevy zebra general africa bbox', 'grevy zebra general']",270
144,,2020-08-17T14:08:36.000Z,,,46117671@N08,s wainwright,True,2020 - 08 - 17 - EOS 600D - Grevy's Zebra - Chester Zoo - 003,https://live.staticflickr.com/65535/50245479428_286a4810c9_b.jpg,false,Wales,"(51.48130798339844, -3.180497884750366)",51.48130798339844,-3.180497884750366,"(nan, nan)","['grevy zebra general africa bbox', 'grevy zebra general']",270
145,,2020-08-17T14:09:03.000Z,,,46117671@N08,s wainwright,True,2020 - 08 - 17 - EOS 600D - Grevy's Zebra - Chester Zoo - 006,https://live.staticflickr.com/65535/50245461853_c28c55156d_b.jpg,false,Wales,"(51.48130798339844, -3.180497884750366)",51.48130798339844,-3.180497884750366,"(nan, nan)","['grevy zebra general africa bbox', 'grevy zebra general']",270
146,,2020-08-21T12:26:09.000Z,,,132868561@N05,Richard__K,True,YWP-51,https://live.staticflickr.com/65535/50252735707_d04d3c7c33_b.jpg,false,,,,,"(nan, nan)","['grevy zebra general africa bbox', 'grevy zebra general']",270
147,,2020-08-17T14:02:35.000Z,,,46117671@N08,s wainwright,True,2020 - 08 - 17 - EOS 600D - Grevy's Zebra - Chester Zoo - 001,https://live.staticflickr.com/65535/50246330037_e2ca8225a6_b.jpg,false,Wales,"(51.48130798339844, -3.180497884750366)",51.48130798339844,-3.180497884750366,"(nan, nan)","['grevy zebra general africa bbox', 'grevy zebra general']",270
148,,2020-08-09T12:13:24.000Z,,,35142064@N03,Mike Rogers Pix,True,Bronx Zoo Zebra,https://live.staticflickr.com/65535/50215798578_0d7c9bb26a_b.jpg,false,"Babylon, United States","(40.695823669433594, -73.32572937011719)",40.695823669433594,-73.32572937011719,"(nan, nan)","['grevy zebra general africa bbox', 'grevy zebra general']",270
149,,2020-08-08T10:50:36.000Z,,,159329449@N08,martin48.me,True,In Black & White,https://live.staticflickr.com/65535/50205429458_ab90594432_b.jpg,unknown,,,,,"(nan, nan)","['grevy zebra general africa bbox', 'grevy zebra general']",270
150,,2020-06-14T20:57:17.000Z,,,184352577@N07,geo476,True,Grevey Zebra,https://live.staticflickr.com/65535/50202210661_84ddcce274_b.jpg,unknown,,,,,"(nan, nan)","['grevy zebra general africa bbox', 'grevy zebra general']",270
151,,2020-07-31T11:38:53.000Z,,,128203201@N02,Eddy L.,True,Tg Nbg               2 1/2  Wochen         200731,https://live.staticflickr.com/65535/50174802322_40b8f39bd0_b.jpg,false,"Nürnberg ,Nuremberg, Germany","(49.45051956176758, 11.080479621887207)",49.45051956176758,11.080479621887207,"(nan, nan)","['grevy zebra general africa bbox', 'grevy zebra general']",270
152,,2020-08-04T14:11:52.000Z,,,73346041@N02,snapperpeter,True,200804-Chester_Zoo-4142,https://live.staticflickr.com/65535/50191561442_d1d317a810_b.jpg,false,"Crewe, Cheshire","(53.067996978759766, -2.864659070968628)",53.067996978759766,-2.864659070968628,"(nan, nan)","['grevy zebra general africa bbox', 'grevy zebra general']",270
153,,2020-08-07T12:22:04.000Z,,,69085456@N06,Geof.S,True,Marwell Zebra _DSC0053 Aug 7,https://live.staticflickr.com/65535/50200286186_40dbbf49ba_b.jpg,false,,,,,"(nan, nan)","['grevy zebra general africa bbox', 'grevy zebra general']",270
154,,2020-08-04T13:29:13.000Z,,,182015793@N07,The ND Bus Man,True,Paignton Zoo - Hartmann's Zebra,https://live.staticflickr.com/65535/50200322697_2fbf816a61_b.jpg,false,"Barnstaple, North Devon, United Kingdom","(55.025447, -1.473282)",55.025447,-1.473282,"(nan, nan)","['grevy zebra general africa bbox', 'grevy zebra general']",270
155,,2020-08-07T12:29:24.000Z,,,69085456@N06,Geof.S,True,Marwell Zebra _DSC0132 Aug 7,https://live.staticflickr.com/65535/50200286276_22814c0419_b.jpg,false,,,,,"(nan, nan)","['grevy zebra general africa bbox', 'grevy zebra general']",270
156,,2020-07-07T11:27:19.000Z,,,127124365@N04,riesebusch,True,Tierpark Berlin: Hartmann Bergzebra  - Berlin Tierpark (Animal Park): Hartrmann's mountain zebra (Equs zebra hartmannae Matschie),https://live.staticflickr.com/65535/50198218133_d502e84266_b.jpg,false,,,,,"(nan, nan)","['grevy zebra general africa bbox', 'grevy zebra general']",270
157,,2020-08-01T09:49:34.000Z,,,39727496@N06,Flybr1dge,True,047 Yorkshire Wildlife Park,https://live.staticflickr.com/65535/50189591711_f599f40b32_b.jpg,false,,,,,"(nan, nan)","['grevy zebra general africa bbox', 'grevy zebra general']",270
158,,2020-07-28T11:59:43.000Z,,,126972400@N03,erik.verheyen,True,Animals in Black & White,https://live.staticflickr.com/65535/50161585358_7108794c72_b.jpg,false,,,,,"(nan, nan)","['grevy zebra general africa bbox', 'grevy zebra general']",270
159,,2020-07-21T00:29:30.000Z,,,23728942@N04,RoshZam,True,Kolmården wildlife park,https://live.staticflickr.com/65535/50160048352_aa8436e31c_b.jpg,false,,,,,"(nan, nan)","['grevy zebra general africa bbox', 'grevy zebra general']",270
160,,2020-07-21T17:50:36.000Z,,,65676465@N08,tiger3663,True,Zebra Charge-1,https://live.staticflickr.com/65535/50159899268_3839eb619a_b.jpg,false,,,,,"(nan, nan)","['grevy zebra general africa bbox', 'grevy zebra general']",270
161,,2020-07-25T13:05:09.000Z,,,118408777@N06,Palmius Photo,True,Zebra,https://live.staticflickr.com/65535/50152452546_22f6038c98_b.jpg,false,,,,,"(nan, nan)","['grevy zebra general africa bbox', 'grevy zebra general']",270
162,,2020-07-22T10:36:59.000Z,,,71867996@N04,Harry Rother,True,Horsing around?,https://live.staticflickr.com/65535/50146633453_0922a4fa20_b.jpg,false,,,,,"(nan, nan)","['grevy zebra general africa bbox', 'grevy zebra general']",270
163,,2020-07-25T13:05:11.000Z,,,118408777@N06,Palmius Photo,True,Zebra,https://live.staticflickr.com/65535/50151900318_54ae400857_b.jpg,false,,,,,"(nan, nan)","['grevy zebra general africa bbox', 'grevy zebra general']",270
164,,2020-07-10T09:26:46.000Z,,,14833004@N00,Wild about Safari,True,Mikumi National Park,https://live.staticflickr.com/65535/50140151116_d14aac8edf_b.jpg,true,"Arusha, Tanzania","(-3.3717079162597656, 36.694766998291016)",-3.3717079162597656,36.694766998291016,"(nan, nan)","['grevy zebra general africa bbox', 'grevy zebra general']",270
165,,2020-10-15T09:37:50.000Z,,,184588066@N03,Bitter Lemon 67,True,Grevy - Zebras,https://live.staticflickr.com/65535/50490100562_c48fe6b098_b.jpg,false,"Bayern, Germany","(48.94681167602539, 11.419012069702148)",48.94681167602539,11.419012069702148,"(nan, nan)",['grevy zebra general'],270
166,,2020-10-15T11:47:48.000Z,,,147571534@N05,Mackem Magic,True,Zebra,https://live.staticflickr.com/65535/50489865466_d95cfce1a8_b.jpg,false,,,,,"(nan, nan)",['grevy zebra general'],270
167,,2020-10-15T17:54:19.000Z,,,46407084@N04,Mejxu,True,Zebra,https://live.staticflickr.com/65535/50489131508_477aec410e_b.jpg,false,,,,,"(nan, nan)",['grevy zebra general'],270
168,,2020-10-15T11:47:29.000Z,,,147571534@N05,Mackem Magic,True,Zebra,https://live.staticflickr.com/65535/50489867496_92a5800355_b.jpg,false,,,,,"(nan, nan)",['grevy zebra general'],270
169,,2020-07-21T17:50:36.000Z,,,65676465@N08,tiger3663,True,Zebra at Speed-1,https://live.staticflickr.com/65535/50470887961_9d8b3d8d3a_b.jpg,false,,,,,"(nan, nan)",['grevy zebra general'],270
170,,2020-10-15T09:37:47.000Z,,,184588066@N03,Bitter Lemon 67,True,Grevy - Zebras,https://live.staticflickr.com/65535/50489952661_fd0fd3f0dc_b.jpg,false,"Bayern, Germany","(48.94681167602539, 11.419012069702148)",48.94681167602539,11.419012069702148,"(nan, nan)",['grevy zebra general'],270
171,,2020-10-15T11:47:45.000Z,,,147571534@N05,Mackem Magic,True,Zebra,https://live.staticflickr.com/65535/50489155263_3ca55e39a3_b.jpg,false,,,,,"(nan, nan)",['grevy zebra general'],270
172,,2020-10-15T11:47:41.000Z,,,147571534@N05,Mackem Magic,True,Zebra,https://live.staticflickr.com/65535/50489156308_2dcf1dc4f9_b.jpg,false,,,,,"(nan, nan)",['grevy zebra general'],270
173,,2020-09-26T10:34:34.000Z,,,155735081@N04,Ramon Casas,True,R Reserve Afr Sigean -  Zebra de Grevy,https://live.staticflickr.com/65535/50431662306_c1f558d2f9_b.jpg,true,Girona i Girona mes ...,"(41.98164749145508, 2.82361102104187)",41.98164749145508,2.82361102104187,"(nan, nan)",['grevy zebra general'],270
174,,2020-09-06T11:59:58.000Z,,,190562161@N05,olivia_m_photo,True,Zebra,https://live.staticflickr.com/65535/50451774377_c90a4390ae_b.jpg,false,,,,,"(nan, nan)",['grevy zebra general'],270
175,,2020-10-07T12:20:28.000Z,,,62181186@N08,safariman2011,True,Mountain zebra - Equus zebra,https://live.staticflickr.com/65535/50438536757_70d811798e_b.jpg,false,,,,,"(nan, nan)",['grevy zebra general'],270
176,,2020-10-07T12:19:35.000Z,,,62181186@N08,safariman2011,True,Mountain zebra - Equus zebra,https://live.staticflickr.com/65535/50437668698_4f0df320d9_b.jpg,false,,,,,"(nan, nan)",['grevy zebra general'],270
177,,2020-10-07T12:18:05.000Z,,,62181186@N08,safariman2011,True,Mountain zebra - Equus zebra,https://live.staticflickr.com/65535/50437667403_5d4a546c1d_b.jpg,false,,,,,"(nan, nan)",['grevy zebra general'],270
178,,2020-10-06T23:15:59.000Z,,,126483205@N08,Martin Snicer Photography,True,Zebra,https://live.staticflickr.com/65535/50441143911_0fc631714a_b.jpg,unknown,"Ostrava, Czech Republic","(49.84079360961914, 18.290884017944336)",49.84079360961914,18.290884017944336,"(nan, nan)",['grevy zebra general'],270
179,,2020-10-07T12:20:31.000Z,,,62181186@N08,safariman2011,True,Mountain zebra - Equus zebra,https://live.staticflickr.com/65535/50437666923_7444e4ca6a_b.jpg,false,,,,,"(nan, nan)",['grevy zebra general'],270
180,,2020-07-05T13:32:26.000Z,,,67011548@N00,avsfan1321,True,IMG_6877,https://live.staticflickr.com/65535/50433133228_424928cdc8_b.jpg,false,,,,,"(nan, nan)",['grevy zebra general'],270
181,,2020-08-20T10:21:21.000Z,,,62950692@N03,j.a.kok,True,grevy´s zebra artis 094A0279,https://live.staticflickr.com/65535/50409724188_df6e9f1ab2_b.jpg,false,Netherlands,"(52.24565505981445, 5.626992225646973)",52.24565505981445,5.626992225646973,"(nan, nan)",['grevy zebra general'],270
182,,2020-07-05T13:32:37.000Z,,,67011548@N00,avsfan1321,True,IMG_6879,https://live.staticflickr.com/65535/50433132988_87975ca431_b.jpg,false,,,,,"(nan, nan)",['grevy zebra general'],270
183,,2020-08-02T14:00:13.000Z,,,8418483@N06,Tristan27,True,20200802 - Whipsnade - 63 - DSC_7260,https://live.staticflickr.com/65535/50433099677_b394f68ecc_b.jpg,false,UK,"(53.937076568603516, -2.5180160999298096)",53.937076568603516,-2.5180160999298096,"(nan, nan)",['grevy zebra general'],270
184,,2020-08-14T12:41:06.000Z,,,62950692@N03,j.a.kok,True,grevy´s zebra artis 094A1200,https://live.staticflickr.com/65535/50392572421_67f28121d2_b.jpg,unknown,Netherlands,"(52.24565505981445, 5.626992225646973)",52.24565505981445,5.626992225646973,"(nan, nan)",['grevy zebra general'],270
185,,2020-09-21T13:29:43.000Z,,,189059870@N04,emma.ella1,True,Hartmann's Mountain Zebra Foal,https://live.staticflickr.com/65535/50375384586_410c75db3c_b.jpg,false,,,,,"(nan, nan)",['grevy zebra general'],270
186,,2020-08-20T13:26:50.000Z,,,62950692@N03,j.a.kok,True,grevy´s zebra artis 094A0923,https://live.staticflickr.com/65535/50409725763_f299e1c1ab_b.jpg,unknown,Netherlands,"(52.24565505981445, 5.626992225646973)",52.24565505981445,5.626992225646973,"(nan, nan)",['grevy zebra general'],270
187,,2020-09-21T13:30:06.000Z,,,189059870@N04,emma.ella1,True,Hartmann's Mountain Zebra Foal,https://live.staticflickr.com/65535/50374636638_cb5577799e_b.jpg,false,,,,,"(nan, nan)",['grevy zebra general'],270
188,,2020-07-05T13:32:16.000Z,,,67011548@N00,avsfan1321,True,IMG_6876,https://live.staticflickr.com/65535/50433991407_6ccebbe67a_b.jpg,false,,,,,"(nan, nan)",['grevy zebra general'],270
189,,2020-08-20T10:19:57.000Z,,,62950692@N03,j.a.kok,True,grevy´s zebra artis 094A0240,https://live.staticflickr.com/65535/50409723513_bba7097616_b.jpg,false,Netherlands,"(52.24565505981445, 5.626992225646973)",52.24565505981445,5.626992225646973,"(nan, nan)",['grevy zebra general'],270
190,,2020-07-03T11:23:09.000Z,,,190326498@N05,alexlay365,True,Grevys Zebra,https://live.staticflickr.com/65535/50399267733_9cb86abf8f_b.jpg,false,,,,,"(nan, nan)",['grevy zebra general'],270
191,,2020-09-19T05:17:03.000Z,,,190278682@N05,egnkffgt5,True,IMG_8841,https://live.staticflickr.com/65535/50367552713_66a811e835_b.jpg,unknown,,,,,"(nan, nan)",['grevy zebra general'],270
192,,2020-06-21T11:27:46.000Z,,,185158472@N07,aaron.voice,True,Zebra,https://live.staticflickr.com/65535/50432926258_fffc80fbe2_b.jpg,false,,,,,"(nan, nan)",['grevy zebra general'],270
193,,2020-09-28T10:22:03.000Z,,,9543545@N02,Picster Jimster,True,Grevy Zebra,https://live.staticflickr.com/65535/50395464908_af3ddef0d4_b.jpg,false,"Webster Groves, Missouri, United States","(38.59295654296875, -90.35881805419922)",38.59295654296875,-90.35881805419922,"(nan, nan)",['grevy zebra general'],270
194,,2020-09-20T11:54:24.000Z,,,25501326@N02,yuki_alm_misa,True,グレビーシマウマ　親子,https://live.staticflickr.com/65535/50362504527_f68c54ee62_b.jpg,false,,,,,"(nan, nan)",['grevy zebra general'],270
195,,2020-08-20T10:21:56.000Z,,,62950692@N03,j.a.kok,True,grevy´s zebra artis 094A0298,https://live.staticflickr.com/65535/50410583737_138c7c1fa8_b.jpg,false,Netherlands,"(52.24565505981445, 5.626992225646973)",52.24565505981445,5.626992225646973,"(nan, nan)",['grevy zebra general'],270
196,,2020-08-20T10:19:13.000Z,,,62950692@N03,j.a.kok,True,grevy´s zebra artis 094A0230,https://live.staticflickr.com/65535/50410580342_57cf04d70a_b.jpg,false,Netherlands,"(52.24565505981445, 5.626992225646973)",52.24565505981445,5.626992225646973,"(nan, nan)",['grevy zebra general'],270
197,,2020-06-21T11:31:43.000Z,,,185158472@N07,aaron.voice,True,Zebra's,https://live.staticflickr.com/65535/50433621196_4b68128d89_b.jpg,unknown,,,,,"(nan, nan)",['grevy zebra general'],270
198,,2020-08-20T10:21:05.000Z,,,62950692@N03,j.a.kok,True,grevy´s zebra artis 094A0267,https://live.staticflickr.com/65535/50409724713_b4278323d8_b.jpg,false,Netherlands,"(52.24565505981445, 5.626992225646973)",52.24565505981445,5.626992225646973,"(nan, nan)",['grevy zebra general'],270
199,,2020-08-10T10:25:45.000Z,,,62950692@N03,j.a.kok,True,grevy´s zebra artis BB2A1151,https://live.staticflickr.com/65535/50375389796_a92e455dd5_b.jpg,false,Netherlands,"(52.24565505981445, 5.626992225646973)",52.24565505981445,5.626992225646973,"(nan, nan)",['grevy zebra general'],270
200,,2020-09-21T13:29:41.000Z,,,189059870@N04,emma.ella1,True,Hartmann's Mountain Zebra Foal,https://live.staticflickr.com/65535/50374694163_9827887ab9_b.jpg,false,,,,,"(nan, nan)",['grevy zebra general'],270
201,,2020-09-21T13:06:44.000Z,,,20877714@N05,Ken McChesney,True,Zebra - 3557,https://live.staticflickr.com/65535/50372606268_c50b330aa8_b.jpg,false,,,,,"(nan, nan)",['grevy zebra general'],270
202,,2020-09-21T13:26:33.000Z,,,189059870@N04,emma.ella1,True,Hartmann's Mountain Zebra & Foals,https://live.staticflickr.com/65535/50375559212_f84aee1abc_b.jpg,false,,,,,"(nan, nan)",['grevy zebra general'],270
203,,2020-08-20T10:20:46.000Z,,,62950692@N03,j.a.kok,True,grevy´s zebra artis 094A0261,https://live.staticflickr.com/65535/50410581592_92323eb427_b.jpg,false,Netherlands,"(52.24565505981445, 5.626992225646973)",52.24565505981445,5.626992225646973,"(nan, nan)",['grevy zebra general'],270
204,,2020-07-05T13:32:36.000Z,,,67011548@N00,avsfan1321,True,IMG_6878,https://live.staticflickr.com/65535/50433824616_a4af2c2cc9_b.jpg,false,,,,,"(nan, nan)",['grevy zebra general'],270
205,,2020-06-21T11:27:41.000Z,,,185158472@N07,aaron.voice,True,Zebra,https://live.staticflickr.com/65535/50432923278_7c310510ef_b.jpg,false,,,,,"(nan, nan)",['grevy zebra general'],270
206,,2020-08-20T13:27:19.000Z,,,62950692@N03,j.a.kok,True,grevy´s zebra artis 094A0928,https://live.staticflickr.com/65535/50410584532_155620c9ca_b.jpg,false,Netherlands,"(52.24565505981445, 5.626992225646973)",52.24565505981445,5.626992225646973,"(nan, nan)",['grevy zebra general'],270
207,,2020-08-20T13:30:24.000Z,,,62950692@N03,j.a.kok,True,grevy´s zebra artis 094A0938,https://live.staticflickr.com/65535/50410432656_e342e0f33d_b.jpg,false,Netherlands,"(52.24565505981445, 5.626992225646973)",52.24565505981445,5.626992225646973,"(nan, nan)",['grevy zebra general'],270
208,,2020-09-17T09:35:54.000Z,,,71867996@N04,Harry Rother,True,Portrait of a Grevy's Zebra,https://live.staticflickr.com/65535/50358033098_a59e9d97da_b.jpg,false,,,,,"(nan, nan)",['grevy zebra general'],270
209,,2020-09-21T13:29:48.000Z,,,189059870@N04,emma.ella1,True,Hartmann's Mountain Zebra Foal,https://live.staticflickr.com/65535/50374679388_17acd51bc2_b.jpg,false,,,,,"(nan, nan)",['grevy zebra general'],270
210,,2020-09-19T05:20:44.000Z,,,190278682@N05,egnkffgt5,True,IMG_8849,https://live.staticflickr.com/65535/50368398427_fb839938eb_b.jpg,unknown,,,,,"(nan, nan)",['grevy zebra general'],270
211,,2020-09-18T11:43:12.000Z,,,51746586@N06,littlestschnauzer,True,Barcoded,https://live.staticflickr.com/65535/50412895312_a11847c7e7_b.jpg,false,"Huddersfield, United Kingdom","(53.64515686035156, -1.7849270105361938)",53.64515686035156,-1.7849270105361938,"(nan, nan)",['grevy zebra general'],270
212,,2020-08-20T10:19:17.000Z,,,62950692@N03,j.a.kok,True,grevy´s zebra artis 094A0234,https://live.staticflickr.com/65535/50410430431_91a74274d8_b.jpg,false,Netherlands,"(52.24565505981445, 5.626992225646973)",52.24565505981445,5.626992225646973,"(nan, nan)",['grevy zebra general'],270
213,,2020-09-21T13:28:38.000Z,,,189059870@N04,emma.ella1,True,Hartmann's Mountain Zebra Foals,https://live.staticflickr.com/65535/50375559432_99fc12afe6_b.jpg,false,,,,,"(nan, nan)",['grevy zebra general'],270
214,,2020-09-20T11:54:30.000Z,,,25501326@N02,yuki_alm_misa,True,グレビーシマウマ　親子,https://live.staticflickr.com/65535/50361645758_e420a51a79_b.jpg,false,,,,,"(nan, nan)",['grevy zebra general'],270
215,,2020-08-14T09:58:11.000Z,,,62950692@N03,j.a.kok,True,grevy´s zebra artis 094A0234,https://live.staticflickr.com/65535/50392740677_2651a38e7b_b.jpg,false,Netherlands,"(52.24565505981445, 5.626992225646973)",52.24565505981445,5.626992225646973,"(nan, nan)",['grevy zebra general'],270
216,,2020-09-21T13:25:24.000Z,,,189059870@N04,emma.ella1,True,Hartmann's Mountain Zebra,https://live.staticflickr.com/65535/50374685958_fc09a695c0_b.jpg,false,,,,,"(nan, nan)",['grevy zebra general'],270
217,,2020-09-21T13:27:15.000Z,,,189059870@N04,emma.ella1,True,Hartmann's Mountain Zebra Foal,https://live.staticflickr.com/65535/50375384186_122e5715f1_b.jpg,false,,,,,"(nan, nan)",['grevy zebra general'],270
218,,2020-09-21T13:26:18.000Z,,,189059870@N04,emma.ella1,True,Hartmann's Mountain Zebra Foal,https://live.staticflickr.com/65535/50375394071_e26e8c491f_b.jpg,false,,,,,"(nan, nan)",['grevy zebra general'],270
219,,2020-09-21T13:29:42.000Z,,,189059870@N04,emma.ella1,True,Hartmann's Mountain Zebra Foal,https://live.staticflickr.com/65535/50374691638_7db566fbdb_b.jpg,false,,,,,"(nan, nan)",['grevy zebra general'],270
220,,2020-09-21T13:29:28.000Z,,,189059870@N04,emma.ella1,True,Hartmann's Mountain Zebra & Foal,https://live.staticflickr.com/65535/50374685978_66979ce023_b.jpg,false,,,,,"(nan, nan)",['grevy zebra general'],270
221,,2020-09-14T17:12:00.000Z,,,94128947@N08,bleibend,True,"Magdeburg (Sachsen-Anhalt), Zoo Zebra",https://live.staticflickr.com/65535/50377215973_85098d1e6a_b.jpg,false,"Braunschweig, Europa/Niedersachsen","(52.26415252685547, 10.526423454284668)",52.26415252685547,10.526423454284668,"(nan, nan)",['grevy zebra general'],270
222,,2020-08-14T09:58:09.000Z,,,62950692@N03,j.a.kok,True,grevy´s zebra artis 094A0229,https://live.staticflickr.com/65535/50392740067_b94277d672_b.jpg,false,Netherlands,"(52.24565505981445, 5.626992225646973)",52.24565505981445,5.626992225646973,"(nan, nan)",['grevy zebra general'],270
223,,2020-09-22T10:58:11.000Z,,,49722239@N05,Barry R Martin,True,Black and White,https://live.staticflickr.com/65535/50377542413_b270ddd738_b.jpg,false,,,,,"(nan, nan)",['grevy zebra general'],270
224,,2020-09-21T13:29:47.000Z,,,189059870@N04,emma.ella1,True,Hartmann's Mountain Zebra Foal,https://live.staticflickr.com/65535/50375561387_18fd017a26_b.jpg,false,,,,,"(nan, nan)",['grevy zebra general'],270
225,,2020-09-20T11:05:36.000Z,,,157191912@N04,SamSturdey,True,Grevy's Zebra,https://live.staticflickr.com/65535/50368838666_8c0715ce7e_b.jpg,false,,,,,"(nan, nan)",['grevy zebra general'],270
226,,2020-09-17T11:17:44.000Z,,,42681849@N07,zphotographics,True,920_0279 Grevy's Zebra,https://live.staticflickr.com/65535/50359254078_fdbcd837bf_b.jpg,false,,,,,"(nan, nan)",['grevy zebra general'],270
227,,2020-09-17T11:18:06.000Z,,,42681849@N07,zphotographics,True,920_0281 Grevy's Zebra,https://live.staticflickr.com/65535/50359950451_c36788784a_b.jpg,false,,,,,"(nan, nan)",['grevy zebra general'],270
228,,2020-09-17T11:27:34.000Z,,,42681849@N07,zphotographics,True,920_0305 Grevy's Zebra,https://live.staticflickr.com/65535/50359918421_38c1eb23cb_b.jpg,unknown,,,,,"(nan, nan)",['grevy zebra general'],270
229,,2020-09-15T12:27:28.000Z,,,73812101@N06,pedrolfa,True,0D9A8214,https://live.staticflickr.com/65535/50345194473_4e02f62b4b_b.jpg,true,,,,,"(nan, nan)",['grevy zebra general'],270
230,,2020-09-17T11:18:28.000Z,,,42681849@N07,zphotographics,True,920_0283 Grevy's Zebra,https://live.staticflickr.com/65535/50359947511_bb5fc50fcd_b.jpg,false,,,,,"(nan, nan)",['grevy zebra general'],270
231,,2020-09-17T11:18:04.000Z,,,42681849@N07,zphotographics,True,920_0280 Grevy's Zebra,https://live.staticflickr.com/65535/50359952561_e5a615e488_b.jpg,unknown,,,,,"(nan, nan)",['grevy zebra general'],270
232,,2020-09-15T12:54:13.000Z,,,73812101@N06,pedrolfa,True,0D9A3147,https://live.staticflickr.com/65535/50345248153_92b4881aa4_b.jpg,true,,,,,"(nan, nan)",['grevy zebra general'],270
233,,2020-09-17T11:27:33.000Z,,,42681849@N07,zphotographics,True,920_0304 Grevy's Zebra,https://live.staticflickr.com/65535/50359921241_981a8de424_b.jpg,unknown,,,,,"(nan, nan)",['grevy zebra general'],270
234,,2020-09-16T11:42:16.000Z,,,69239666@N06,Andrew I Thompson,True,Grevy's Zebra,https://live.staticflickr.com/65535/50359593742_47fd624a05_b.jpg,false,,,,,"(nan, nan)",['grevy zebra general'],270
235,,2020-08-08T12:41:14.000Z,,,15783125@N06,digi56,True,Zebra,https://live.staticflickr.com/65535/50236993448_98bf9ebf75_b.jpg,false,,,,,"(nan, nan)","['grevy zebra general africa bbox', 'grevy zebra general']",270
236,,2020-08-11T12:18:24.000Z,,,66833533@N03,mark f2.9,True,Zebra Foal (12 hours old) and Mother 4,https://live.staticflickr.com/65535/50228487366_3337538207_b.jpg,false,,,,,"(nan, nan)","['grevy zebra general africa bbox', 'grevy zebra general']",270
237,,2020-08-14T14:50:46.000Z,,,126654647@N04,jwilko_87,True,Zebra at Blackpool Zoo,https://live.staticflickr.com/65535/50226994916_8a343e0d0b_b.jpg,false,,,,,"(nan, nan)","['grevy zebra general africa bbox', 'grevy zebra general']",270
238,,2020-08-11T12:20:11.000Z,,,66833533@N03,mark f2.9,True,Learning it's your tail,https://live.staticflickr.com/65535/50228487541_e34aa99596_b.jpg,false,,,,,"(nan, nan)","['grevy zebra general africa bbox', 'grevy zebra general']",270
239,,2020-08-11T12:26:45.000Z,,,66833533@N03,mark f2.9,True,Zebra Foal (12 hours old) and Mother  1,https://live.staticflickr.com/65535/50228706547_24c6209e36_b.jpg,false,,,,,"(nan, nan)","['grevy zebra general africa bbox', 'grevy zebra general']",270
240,,2020-08-15T11:40:25.000Z,,,130392678@N06,HDR's Photos,True,ZEBRA,https://live.staticflickr.com/65535/50234338883_f7b6cd9a0d_b.jpg,false,New York City,"(None, None)",,,"(nan, nan)","['grevy zebra general africa bbox', 'grevy zebra general']",270
241,,2020-08-15T11:42:12.000Z,,,130392678@N06,HDR's Photos,True,ZEBRA,https://live.staticflickr.com/65535/50234994401_40e5271441_b.jpg,false,New York City,"(None, None)",,,"(nan, nan)","['grevy zebra general africa bbox', 'grevy zebra general']",270
242,,2020-08-11T12:21:44.000Z,,,66833533@N03,mark f2.9,True,Zebra Foal (12 hours old) and Mother 3,https://live.staticflickr.com/65535/50227844463_b70d45b9a5_b.jpg,false,,,,,"(nan, nan)","['grevy zebra general africa bbox', 'grevy zebra general']",270
243,,2020-08-15T11:43:08.000Z,,,130392678@N06,HDR's Photos,True,ZEBRA,https://live.staticflickr.com/65535/50235210032_618a0d3d66_b.jpg,false,New York City,"(None, None)",,,"(nan, nan)","['grevy zebra general africa bbox', 'grevy zebra general']",270
244,,2020-08-11T12:22:00.000Z,,,66833533@N03,mark f2.9,True,Two Zebra Foals and Mothers,https://live.staticflickr.com/65535/50228487111_fd7bd63aec_b.jpg,false,,,,,"(nan, nan)","['grevy zebra general africa bbox', 'grevy zebra general']",270
245,,2020-08-10T08:58:31.000Z,,,71867996@N04,Harry Rother,True,Portrait of a Grevy's Zebra,https://live.staticflickr.com/65535/50221644357_44b4346ca6_b.jpg,false,,,,,"(nan, nan)","['grevy zebra general africa bbox', 'grevy zebra general']",270
246,,2021-04-23T09:54:30.000Z,,,75137207@N02,Eschi46,True,Grevyzebra / Grévy's Zebra / Equus grevyi DSCN6060,https://live.staticflickr.com/65535/51141170015_b8551a916f_b.jpg,unknown,,,,,"(nan, nan)",['grevy zebra specific'],270
247,,2021-04-15T10:34:35.000Z,,,16236990@N08,david.l.quayle,True,44946-Chester Zoo-2021-Grevy's Zebra,https://live.staticflickr.com/65535/51119240568_397d8d18a6_b.jpg,false,,,,,"(nan, nan)",['grevy zebra specific'],270
248,,2021-05-18T08:37:23.000Z,,,143326780@N02,MKHNaturalist,True,DSCN3645,https://live.staticflickr.com/65535/51194985922_d0d92e92ec_b.jpg,false,,,,,"(nan, nan)",['grevy zebra specific'],270
249,,2021-05-18T08:38:50.000Z,,,143326780@N02,MKHNaturalist,True,DSCN3668,https://live.staticflickr.com/65535/51195695101_85e244a8c5_b.jpg,false,,,,,"(nan, nan)",['grevy zebra specific'],270
250,,2021-04-29T17:45:38.000Z,,,184340126@N04,DavidESalyerJr,True,IMG_1897 (2),https://live.staticflickr.com/65535/51149704955_f8995e138e_b.jpg,false,Sacramento,"(38.576934814453125, -121.49494934082031)",38.576934814453125,-121.49494934082031,"(nan, nan)",['grevy zebra specific'],270
251,,2021-04-12T09:41:52.000Z,,,185162586@N05,jeremyeatsbacon,True,Grevy's Zebra,https://live.staticflickr.com/65535/51129784999_2da3b3c187_b.jpg,false,,,,,"(nan, nan)",['grevy zebra specific'],270
252,,2021-04-14T21:42:14.000Z,,,96807421@N07,nanettecordell,True,Grevy's Zebra 1,https://live.staticflickr.com/65535/51118280461_2de38efd39_b.jpg,false,,,,,"(nan, nan)",['grevy zebra specific'],270
253,,2021-04-01T12:36:02.000Z,,,184340126@N04,DavidESalyerJr,True,IMG_1392 (2),https://live.staticflickr.com/65535/51094696700_f19d9b5868_b.jpg,false,Sacramento,"(38.576934814453125, -121.49494934082031)",38.576934814453125,-121.49494934082031,"(nan, nan)",['grevy zebra specific'],270
254,,2021-02-24T10:18:54.000Z,,,84152923@N08,MrTDiddy,True,Grévyzebra - Equus grevyi - Grévy's zebra,https://live.staticflickr.com/65535/51035282987_079799af5e_b.jpg,false,Belgium,"(50.64095687866211, 4.661285877227783)",50.64095687866211,4.661285877227783,"(nan, nan)",['grevy zebra specific'],270
255,,2021-02-24T10:18:57.000Z,,,84152923@N08,MrTDiddy,True,Grévyzebra - Equus grevyi - Grévy's zebra,https://live.staticflickr.com/65535/51034447098_bb5a31b9bc_b.jpg,false,Belgium,"(50.64095687866211, 4.661285877227783)",50.64095687866211,4.661285877227783,"(nan, nan)",['grevy zebra specific'],270
256,,2021-02-24T10:19:02.000Z,,,84152923@N08,MrTDiddy,True,Grévyzebra - Equus grevyi - Grévy's zebra,https://live.staticflickr.com/65535/51034446728_4f131684b2_b.jpg,false,Belgium,"(50.64095687866211, 4.661285877227783)",50.64095687866211,4.661285877227783,"(nan, nan)",['grevy zebra specific'],270
257,,2021-02-24T12:19:51.000Z,,,84152923@N08,MrTDiddy,True,Grévyzebra - Equus grevyi - Grévy's zebra,https://live.staticflickr.com/65535/51035151971_865ce9ca38_b.jpg,false,Belgium,"(50.64095687866211, 4.661285877227783)",50.64095687866211,4.661285877227783,"(nan, nan)",['grevy zebra specific'],270
258,,2021-02-24T12:19:52.000Z,,,84152923@N08,MrTDiddy,True,Grévyzebra - Equus grevyi - Grévy's zebra,https://live.staticflickr.com/65535/51034421858_42e4c41c5f_b.jpg,false,Belgium,"(50.64095687866211, 4.661285877227783)",50.64095687866211,4.661285877227783,"(nan, nan)",['grevy zebra specific'],270
259,,2021-02-24T12:19:55.000Z,,,84152923@N08,MrTDiddy,True,Grévyzebra - Equus grevyi - Grévy's zebra,https://live.staticflickr.com/65535/51035256997_9cc7b50435_b.jpg,false,Belgium,"(50.64095687866211, 4.661285877227783)",50.64095687866211,4.661285877227783,"(nan, nan)",['grevy zebra specific'],270
260,,2020-12-24T15:17:06.000Z,,,78193635@N02,michael heyns,True,Grevy's Zebra,https://live.staticflickr.com/65535/51035107316_65fdb12f16_b.jpg,unknown,"Pretoria, South Africa","(-25.74601936340332, 28.18712043762207)",-25.74601936340332,28.18712043762207,"(nan, nan)",['grevy zebra specific'],270
261,,2021-02-23T08:53:18.000Z,,,182178592@N03,Douglas Denys,True,Grevy's Zebra,https://live.staticflickr.com/65535/51009003631_864267b301_b.jpg,unknown,,,,,"(nan, nan)",['grevy zebra specific'],270
262,,2021-02-20T21:05:07.000Z,,,153787871@N07,mitchross3,True,2021-02-21 Zoo-633.jpg,https://live.staticflickr.com/65535/51002575623_58c6faa981_b.jpg,unknown,,,,,"(nan, nan)",['grevy zebra specific'],270
263,,2021-02-23T09:26:05.000Z,,,182178592@N03,Douglas Denys,True,"The Grevy's Zebra, Northern Kenya",https://live.staticflickr.com/65535/50995723152_bd27a4f321_b.jpg,true,,,,,"(nan, nan)",['grevy zebra specific'],270
264,,2021-02-14T11:35:12.000Z,,,152742755@N04,PaintedByDawn,True,IMG_2118,https://live.staticflickr.com/65535/50943896198_07bf968367_b.jpg,false,"West Sacramento, CA, United States","(38.57135009765625, -121.52340698242188)",38.57135009765625,-121.52340698242188,"(nan, nan)",['grevy zebra specific'],270
265,,2021-01-11T10:48:52.000Z,,,191500887@N07,garynicoll,True,DSC_3718.jpg,https://live.staticflickr.com/65535/50943810732_ce9a23d15d_b.jpg,true,,,,,"(nan, nan)",['grevy zebra specific'],270
266,,2021-01-11T10:48:49.000Z,,,191500887@N07,garynicoll,True,DSC_3716.jpg,https://live.staticflickr.com/65535/50943008938_31290abd48_b.jpg,true,,,,,"(nan, nan)",['grevy zebra specific'],270
267,,2021-01-11T09:02:55.000Z,,,191500887@N07,garynicoll,True,DSC_3616.jpg,https://live.staticflickr.com/65535/50943701821_45ec9964cd_b.jpg,true,,,,,"(nan, nan)",['grevy zebra specific'],270
268,,2021-01-11T09:01:07.000Z,,,191500887@N07,garynicoll,True,DSC_3605.jpg,https://live.staticflickr.com/65535/50943800807_f9664f41c8_b.jpg,true,,,,,"(nan, nan)",['grevy zebra specific'],270
269,,2021-02-10T14:13:28.000Z,,,60266553@N00,Tom Wilberding,True,Grevy's Zebra,https://live.staticflickr.com/65535/50931426336_0ec6dc43bb_b.jpg,unknown,,,,,"(nan, nan)",['grevy zebra specific'],270
270,,2021-02-10T14:12:34.000Z,,,60266553@N00,Tom Wilberding,True,Grevy's Zebra,https://live.staticflickr.com/65535/50930736258_3e08d5c8cf_b.jpg,unknown,,,,,"(nan, nan)",['grevy zebra specific'],270
271,,2021-01-18T09:36:04.000Z,,,143326780@N02,MKHNaturalist,True,sactozoo011521 (109),https://live.staticflickr.com/65535/50864312622_535fb6b4cc_b.jpg,false,,,,,"(nan, nan)",['grevy zebra specific'],270
272,,2020-07-02T12:10:01.000Z,41.834864,-87.838407,83133472@N05,timp37,True,brookfield zoo july 2020,https://live.staticflickr.com/65535/50073771286_f1b8c7fedd_b.jpg,false,united states of america,"(39.50355529785156, -99.01830291748047)",39.50355529785156,-99.01830291748047,"(41.834864, -87.838407)",['grevy zebra general'],1
273,,2020-06-23T13:41:14.000Z,53.501683,-1.039195,186349265@N08,bkandllbrady,True,"Ive got more stripes than You ! ( Explored 2,7,2020 )",https://live.staticflickr.com/65535/50067885043_ce89904eb1_b.jpg,false,,,,,"(53.501683, -1.039195)",['grevy zebra general'],1
274,,2020-06-25T11:51:17.000Z,53.224911,-2.887006,23806090@N04,Ray Hutchings,True,Grévy's zebra,https://live.staticflickr.com/65535/50044359337_5659be6351_b.jpg,false,"Leyland, United Kingdom","(53.69671630859375, -2.6900830268859863)",53.69671630859375,-2.6900830268859863,"(53.224911, -2.887006)",['grevy zebra general'],2
275,,2020-06-25T11:51:12.000Z,53.224911,-2.887006,23806090@N04,Ray Hutchings,True,Grévy's zebra,https://live.staticflickr.com/65535/50044356377_5e743bf544_b.jpg,false,"Leyland, United Kingdom","(53.69671630859375, -2.6900830268859863)",53.69671630859375,-2.6900830268859863,"(53.224911, -2.887006)",['grevy zebra general'],2
276,,2020-06-25T12:19:01.000Z,53.224722,-2.884023,23806090@N04,Ray Hutchings,True,Grévy's zebra,https://live.staticflickr.com/65535/50044371017_25539a9f00_b.jpg,false,"Leyland, United Kingdom","(53.69671630859375, -2.6900830268859863)",53.69671630859375,-2.6900830268859863,"(53.224722, -2.884023)",['grevy zebra general'],4
277,,2020-06-25T12:19:38.000Z,53.224722,-2.884023,23806090@N04,Ray Hutchings,True,Grévy's zebra,https://live.staticflickr.com/65535/50043555873_6875b11248_b.jpg,false,"Leyland, United Kingdom","(53.69671630859375, -2.6900830268859863)",53.69671630859375,-2.6900830268859863,"(53.224722, -2.884023)",['grevy zebra general'],4
278,,2020-06-25T12:17:54.000Z,53.224722,-2.884023,23806090@N04,Ray Hutchings,True,Grévy's zebra,https://live.staticflickr.com/65535/50044365157_ef32525637_b.jpg,false,"Leyland, United Kingdom","(53.69671630859375, -2.6900830268859863)",53.69671630859375,-2.6900830268859863,"(53.224722, -2.884023)",['grevy zebra general'],4
279,,2020-06-25T12:18:54.000Z,53.224722,-2.884023,23806090@N04,Ray Hutchings,True,Grévy's zebra,https://live.staticflickr.com/65535/50044111541_e9a99590d6_b.jpg,false,"Leyland, United Kingdom","(53.69671630859375, -2.6900830268859863)",53.69671630859375,-2.6900830268859863,"(53.224722, -2.884023)",['grevy zebra general'],4
280,,2020-06-28T15:49:36.000Z,51.517633,5.111038,32086739@N02,OurTravelPics.com,True,hilvarenbeek_8_085,https://live.staticflickr.com/65535/50060971433_0e6d5592ed_b.jpg,false,,,,,"(51.517633, 5.111038)",['grevy zebra general'],1
281,,2020-06-17T13:18:51.000Z,52.168319,11.641947,55276930@N04,Magdeburg,True,Grevy-Zebra,https://live.staticflickr.com/65535/50026941781_3e59d79270_b.jpg,false,"Magdeburg, Deutschland","(52.13166809082031, 11.6403226852417)",52.13166809082031,11.6403226852417,"(52.168319, 11.641947)",['grevy zebra general'],1
282,,2020-06-05T01:38:36.000Z,2.493109,37.792968,157321343@N05,rob kite,True,Grevys Zebra,https://live.staticflickr.com/65535/49973205692_50e8701eaf_b.jpg,true,,,,,"(2.493109, 37.792968)",['grevy zebra general'],1
283,,2020-05-08T09:17:31.000Z,50.115886,8.70263,74918595@N06,StK-WI,True,IMG_9781ri,https://live.staticflickr.com/65535/49885353231_35f5546839_b.jpg,false,"Wiesbaden, Germany","(50.08405685424805, 8.239800453186035)",50.08405685424805,8.239800453186035,"(50.115886, 8.70263)",['grevy zebra general'],1
284,,2020-08-19T14:51:07.000Z,53.604252,11.442883,92201052@N06,Nephentes Phinena ☮,True,Ears 'n Stripes,https://live.staticflickr.com/65535/50331838392_17f0baf58c_b.jpg,false,,,,,"(53.604252, 11.442883)","['grevy zebra general africa bbox', 'grevy zebra general']",1
285,,2020-09-16T11:21:53.000Z,51.351038,-0.317448,35179344@N06,Elouise2009,True,Zebra,https://live.staticflickr.com/65535/50352917466_cb5c375dd4_b.jpg,false,"Cricklade, Wiltshire, U.K.","(51.63939666748047, -1.8573670387268066)",51.63939666748047,-1.8573670387268066,"(51.351038, -0.317448)","['grevy zebra general africa bbox', 'grevy zebra general']",1
286,,2020-09-07T15:05:53.000Z,51.84483,-0.548039,185509812@N07,ajbolton82,True,"Zebras, Whipsnade zoo",https://live.staticflickr.com/65535/50319581827_c586b6793e_b.jpg,false,,,,,"(51.84483, -0.548039)","['grevy zebra general africa bbox', 'grevy zebra general']",1
287,,2020-07-21T13:32:06.000Z,28.362917,-81.59577,29648523@N05,fisherbray,True,Hartmann's Mountain Zebra (Equus zebra hartmannae),https://live.staticflickr.com/65535/50239981953_3be763e4b2_b.jpg,false,"Fort Walton Beach, Florida, USA","(30.404653549194336, -86.6192855834961)",30.404653549194336,-86.6192855834961,"(28.362917, -81.59577)","['grevy zebra general africa bbox', 'grevy zebra general']",1
288,,2020-08-22T12:23:28.000Z,51.847513,-0.543389,27634886@N00,Peter J Dean,True,Whipsnade Zoo,https://live.staticflickr.com/65535/50254933633_e5cdfa9531_b.jpg,false,"Dunsmore, Wendover, Bucks, UK","(51.73917007446289, -0.7521939873695374)",51.73917007446289,-0.7521939873695374,"(51.847513, -0.543389)","['grevy zebra general africa bbox', 'grevy zebra general']",1
289,,2020-08-11T10:38:02.000Z,52.37704,1.110239,16557826@N04,Paul Webb.,True,Grevy's Zebra.,https://live.staticflickr.com/65535/50251745268_6cc20fc5e1_b.jpg,false,,,,,"(52.37704, 1.110239)","['grevy zebra general africa bbox', 'grevy zebra general']",1
290,,2020-07-07T14:24:12.000Z,45.685796,-1.166197,125057668@N02,Paul MOINE,True,Zèbre de Grévy (Equus grevyi),https://live.staticflickr.com/65535/50203439361_3db74ee897_b.jpg,false,,,,,"(45.685796, -1.166197)","['grevy zebra general africa bbox', 'grevy zebra general']",5
291,,2020-07-07T11:20:40.000Z,45.685796,-1.166197,125057668@N02,Paul MOINE,True,Zèbre de Grévy (Equus grevyi),https://live.staticflickr.com/65535/50202480457_7130a32fd8_b.jpg,false,,,,,"(45.685796, -1.166197)","['grevy zebra general africa bbox', 'grevy zebra general']",5
292,,2020-07-07T11:15:44.000Z,45.685796,-1.166197,125057668@N02,Paul MOINE,True,Zèbre de Grévy (Equus grevyi),https://live.staticflickr.com/65535/50202215766_85de28fb2d_b.jpg,false,,,,,"(45.685796, -1.166197)","['grevy zebra general africa bbox', 'grevy zebra general']",5
293,,2020-07-07T11:21:35.000Z,45.685796,-1.166197,125057668@N02,Paul MOINE,True,Zèbre de Grévy (Equus grevyi),https://live.staticflickr.com/65535/50201672208_48d247c255_b.jpg,false,,,,,"(45.685796, -1.166197)","['grevy zebra general africa bbox', 'grevy zebra general']",5
294,,2020-07-07T11:22:46.000Z,45.685796,-1.166197,125057668@N02,Paul MOINE,True,Zèbre de Grévy (Equus grevyi),https://live.staticflickr.com/65535/50202214951_38eff1dcfa_b.jpg,false,,,,,"(45.685796, -1.166197)","['grevy zebra general africa bbox', 'grevy zebra general']",5
295,,2020-08-01T10:43:52.000Z,53.224944,-2.885889,41894148532@N01,Neil T,True,Grevy's Zebras,https://live.staticflickr.com/65535/50181029152_4f14c2ea43_b.jpg,false,"Sowerby Bridge, United Kingdom","(53.70763397216797, -1.9125419855117798)",53.70763397216797,-1.9125419855117798,"(53.224944, -2.885889)","['grevy zebra general africa bbox', 'grevy zebra general']",1
296,,2020-08-01T10:44:18.000Z,53.224913,-2.885912,41894148532@N01,Neil T,True,Grevy's Zebra,https://live.staticflickr.com/65535/50180776606_d93dde509b_b.jpg,false,"Sowerby Bridge, United Kingdom","(53.70763397216797, -1.9125419855117798)",53.70763397216797,-1.9125419855117798,"(53.224913, -2.885912)","['grevy zebra general africa bbox', 'grevy zebra general']",1
297,,2020-08-01T10:42:33.000Z,53.225094,-2.885687,41894148532@N01,Neil T,True,Zebra,https://live.staticflickr.com/65535/50181029452_d77288cb16_b.jpg,false,"Sowerby Bridge, United Kingdom","(53.70763397216797, -1.9125419855117798)",53.70763397216797,-1.9125419855117798,"(53.225094, -2.885687)","['grevy zebra general africa bbox', 'grevy zebra general']",1
298,,2020-07-21T12:46:45.000Z,48.094534,11.553368,134011950@N04,Jutta Achrainer,True,Hartmann-Bergzebra (in explore),https://live.staticflickr.com/65535/50154436226_6f84dd0a8a_b.jpg,false,Deutschland,"(51.09312438964844, 10.380208015441895)",51.09312438964844,10.380208015441895,"(48.094534, 11.553368)","['grevy zebra general africa bbox', 'grevy zebra general']",1
299,,2020-06-18T14:08:02.000Z,49.203561,8.110386,57256462@N07,Cloudtail the Snow Leopard,True,Hartmann's mountain zebra,https://live.staticflickr.com/65535/50141599472_ace19dd708_b.jpg,false,,,,,"(49.203561, 8.110386)","['grevy zebra general africa bbox', 'grevy zebra general']",1
300,,2020-10-04T12:20:09.000Z,53.504294,-1.04119,46810521@N04,Dave_Johnson,True,"Grévy's Zebra - Yorkshire Wildlife Park, October 2020",https://live.staticflickr.com/65535/50507447636_ac0f762ab5_b.jpg,false,"Sheffield, England","(53.383056640625, -1.4647949934005737)",53.383056640625,-1.4647949934005737,"(53.504294, -1.04119)",['grevy zebra general'],5
301,,2020-10-04T12:19:19.000Z,53.504294,-1.04119,46810521@N04,Dave_Johnson,True,"Grévy's Zebra - Yorkshire Wildlife Park, October 2020",https://live.staticflickr.com/65535/50507447326_9d0febbcf1_b.jpg,false,"Sheffield, England","(53.383056640625, -1.4647949934005737)",53.383056640625,-1.4647949934005737,"(53.504294, -1.04119)",['grevy zebra general'],5
302,,2020-10-04T10:57:22.000Z,53.504294,-1.04119,46810521@N04,Dave_Johnson,True,"Grévy's Zebra - Yorkshire Wildlife Park, October 2020",https://live.staticflickr.com/65535/50505538243_02b4d33a5e_b.jpg,false,"Sheffield, England","(53.383056640625, -1.4647949934005737)",53.383056640625,-1.4647949934005737,"(53.504294, -1.04119)",['grevy zebra general'],5
303,,2020-10-04T10:58:28.000Z,53.504294,-1.04119,46810521@N04,Dave_Johnson,True,"Grévy's Zebra - Yorkshire Wildlife Park, October 2020",https://live.staticflickr.com/65535/50506252571_fcd2e8e981_b.jpg,false,"Sheffield, England","(53.383056640625, -1.4647949934005737)",53.383056640625,-1.4647949934005737,"(53.504294, -1.04119)",['grevy zebra general'],5
304,,2020-10-04T09:58:17.000Z,53.504294,-1.04119,46810521@N04,Dave_Johnson,True,"Zebra - Yorkshire Wildlife Park, October 2020",https://live.staticflickr.com/65535/50501470283_b0e151e82b_b.jpg,false,"Sheffield, England","(53.383056640625, -1.4647949934005737)",53.383056640625,-1.4647949934005737,"(53.504294, -1.04119)",['grevy zebra general'],5
305,,2020-08-06T16:22:17.000Z,48.345102,10.917938,57256462@N07,Cloudtail the Snow Leopard,True,Grévy's zebra,https://live.staticflickr.com/65535/50516784906_b57cb0e4d6_b.jpg,false,,,,,"(48.345102, 10.917938)",['grevy zebra general'],1
306,,2020-10-16T15:43:03.000Z,42.479123,-83.161858,34961066@N00,Maia C,True,,https://live.staticflickr.com/65535/50513579192_fc153c0625_b.jpg,false,,,,,"(42.479123, -83.161858)",['grevy zebra general'],1
307,,2020-10-12T14:35:02.000Z,48.83174,2.418354,134532795@N05,olivier.ghettem,True,Zèbres de Grévy,https://live.staticflickr.com/65535/50497028348_5ba9f69d6e_b.jpg,false,"Paris, France","(48.856895446777344, 2.350848913192749)",48.856895446777344,2.350848913192749,"(48.83174, 2.418354)",['grevy zebra general'],1
308,,2020-02-08T12:09:40.000Z,-3.239314,36.860763,109544413@N05,Photoski141,True,Zebra Portrait 2,https://live.staticflickr.com/65535/50499048013_c9bcd2dd55_b.jpg,true,"Mesquite, NV","(36.81532287597656, -114.06531524658203)",36.81532287597656,-114.06531524658203,"(-3.239314, 36.860763)",['grevy zebra general'],1
309,,2020-10-12T14:35:22.000Z,48.83174,2.418344,134532795@N05,olivier.ghettem,True,Zèbre de Grévy,https://live.staticflickr.com/65535/50497736041_10e9ccd1f7_b.jpg,false,"Paris, France","(48.856895446777344, 2.350848913192749)",48.856895446777344,2.350848913192749,"(48.83174, 2.418344)",['grevy zebra general'],1
310,,2020-10-12T14:30:35.000Z,48.831726,2.418365,134532795@N05,olivier.ghettem,True,Zèbre de Grévy,https://live.staticflickr.com/65535/50480830427_61a917688e_b.jpg,false,"Paris, France","(48.856895446777344, 2.350848913192749)",48.856895446777344,2.350848913192749,"(48.831726, 2.418365)",['grevy zebra general'],1
311,,2020-09-19T11:13:08.000Z,53.501466,-1.038037,18029813@N00,Ian-Cole,True,Grevy's Zebra,https://live.staticflickr.com/65535/50451762016_7ec29aeafe_b.jpg,false,,,,,"(53.501466, -1.038037)",['grevy zebra general'],1
312,,2020-09-17T14:33:46.000Z,52.091438,0.270537,71706247@N00,Steve Gilham,True,Zebra,https://live.staticflickr.com/65535/50445618197_ca3af90839_b.jpg,false,UK,"(53.937076568603516, -2.5180160999298096)",53.937076568603516,-2.5180160999298096,"(52.091438, 0.270537)",['grevy zebra general'],1
313,,2020-09-09T12:05:12.000Z,47.736272,7.351358,39235361@N06,Jordane Prestrot,True,_K006359,https://live.staticflickr.com/65535/50363401811_a3493b8b88_b.jpg,false,"Haut-Rhin, France","(47.859500885009766, 7.273705959320068)",47.859500885009766,7.273705959320068,"(47.736272, 7.351358)",['grevy zebra general'],1
314,,2020-09-21T14:23:19.000Z,53.225397,-2.885712,70318500@N00,tommyajohansson,True,Grevy's zebra,https://live.staticflickr.com/65535/50375965792_0d1b97fc11_b.jpg,false,"London, UK","(51.500152587890625, -0.12623600661754608)",51.500152587890625,-0.12623600661754608,"(53.225397, -2.885712)",['grevy zebra general'],2
315,,2020-09-21T14:23:29.000Z,53.225397,-2.885712,70318500@N00,tommyajohansson,True,Grevy's zebra,https://live.staticflickr.com/65535/50375799601_a6a5dd67ac_b.jpg,false,"London, UK","(51.500152587890625, -0.12623600661754608)",51.500152587890625,-0.12623600661754608,"(53.225397, -2.885712)",['grevy zebra general'],2
316,,2020-08-06T09:52:22.000Z,48.345083,10.917874,57256462@N07,Cloudtail the Snow Leopard,True,Grévy's zebra,https://live.staticflickr.com/65535/50398352751_59f092af64_b.jpg,false,,,,,"(48.345083, 10.917874)",['grevy zebra general'],1
317,,2020-08-07T11:29:36.000Z,53.228337,-2.887069,47439051@N08,Lawrence Holmes.,True,P1080429-1 Grevy’s zebra,https://live.staticflickr.com/65535/50225909431_492ea74f21_b.jpg,false,,,,,"(53.228337, -2.887069)","['grevy zebra general africa bbox', 'grevy zebra general']",1
318,,2020-08-15T09:46:23.000Z,53.501876,-1.038798,186349265@N08,bkandllbrady,True,We Are Together !!,https://live.staticflickr.com/65535/50232082066_8b8827342f_b.jpg,false,,,,,"(53.501876, -1.038798)","['grevy zebra general africa bbox', 'grevy zebra general']",1
319,,2021-05-19T09:41:27.000Z,32.208697,-110.920081,9968045@N03,Distraction Limited,True,"""What about me!""",https://live.staticflickr.com/65535/51198407822_636f619bc9_b.jpg,false,"Tucson, AZ, USA","(None, None)",,,"(32.208697, -110.920081)",['grevy zebra specific'],2
320,,2021-05-19T09:38:02.000Z,32.208697,-110.920081,9968045@N03,Distraction Limited,True,Grévy's zebra at Reid Park Zoo,https://live.staticflickr.com/65535/51199077641_d9ebaff222_b.jpg,false,"Tucson, AZ, USA","(None, None)",,,"(32.208697, -110.920081)",['grevy zebra specific'],2
321,,2021-05-09T12:58:13.000Z,51.354888,-0.317064,15523409@N05,CoasterMadMatt,True,Grévy's Zebra,https://live.staticflickr.com/65535/51184699907_26c20a14a1_b.jpg,false,"Chasetown, England","(None, None)",,,"(51.354888, -0.317064)",['grevy zebra specific'],1
322,,2020-11-06T09:57:29.000Z,0.629641,37.541742,129593667@N03,Bruno Conjeaud,True,Grevy's Zebra - Zèbre de Grévy,https://live.staticflickr.com/65535/51134053318_260026ecf0_b.jpg,true,"Près de Bordeaux, France","(None, None)",,,"(0.629641, 37.541742)",['grevy zebra specific'],1
323,,2020-11-06T10:35:26.000Z,0.604923,37.486724,129593667@N03,Bruno Conjeaud,True,Grevy's Zebra (Mickey mouse),https://live.staticflickr.com/65535/50909276621_c65e48b81a_b.jpg,true,"Près de Bordeaux, France","(None, None)",,,"(0.604923, 37.486724)",['grevy zebra specific'],1
324,,2021-05-04T15:01:09.000Z,53.501933,-1.037435,66202473@N04,Alan Burkwood,True,Grevy's Zebra.,https://live.staticflickr.com/65535/51157335137_c6d6591db3_b.jpg,false,Retford,"(53.32324981689453, -0.9425950050354004)",53.32324981689453,-0.9425950050354004,"(53.501933, -1.037435)",['grevy zebra specific'],1
325,,2020-09-19T10:43:50.000Z,46.507773,3.630841,24067417@N03,Going to the Zoo with Trebaruna,True,Equus grevyi - Grévy's Zebra,https://live.staticflickr.com/65535/51009809507_d9d4d70478_b.jpg,false,"la Haya, the Netherlands","(52.080196380615234, 4.31013298034668)",52.080196380615234,4.31013298034668,"(46.507773, 3.630841)",['grevy zebra specific'],1
326,,2020-03-08T15:24:31.000Z,53.224897,-2.885853,20747318@N08,rs1979,True,Chester Zoo (1202),https://live.staticflickr.com/65535/50972838968_5a5cd9fa41_b.jpg,false,"Royston, Barnsley, United Kingdom","(53.598426818847656, -1.4547220468521118)",53.598426818847656,-1.4547220468521118,"(53.224897, -2.885853)",['grevy zebra specific'],1
