,datetaken,encounter_latitude,encounter_longitude,owner,ownername,relevant,title,url,wild,confidence,user_location_name,user_coordinates,user_latitude,user_longitude,encounter_coordinates,residing_mongodb_collection,num_encounters_at_coords
0,2019-11-01T15:30:44.000Z,,,37490466@N03,Luís Freitas,True,Lince Ibérico (Lynx pardinus),https://live.staticflickr.com/65535/49038831881_439f679e19_b.jpg,TRUE,,,,,,"(nan, nan)",['iberian lynx general multilingual'],113
1,2019-08-21T17:37:28.000Z,,,183638952@N07,jrgmonje,True,Camada de lince ibérico,https://live.staticflickr.com/65535/48605869797_1c152e4297_b.jpg,unknown,,,,,,"(nan, nan)",['iberian lynx general multilingual'],113
2,2020-07-26T16:39:57.000Z,,,41429983@N06,Rich Byham,True,Lynx,https://live.staticflickr.com/65535/50174377137_01950b0ae5_b.jpg,unknown,,"Southampton, England","(50.904964447021484, -1.4032340049743652)",50.904964447021484,-1.4032340049743652,"(nan, nan)",['iberian lynx general'],113
3,2020-07-27T15:17:06.000Z,,,96841722@N03,aliforr64,True,Lynx 1,https://live.staticflickr.com/65535/50170510622_c12f34604b_b.jpg,unknown,,,,,,"(nan, nan)",['iberian lynx general'],113
4,2020-06-29T12:23:26.000Z,,,153997384@N06,Adrien Farese,True,Lynx lynx,https://live.staticflickr.com/65535/50094893866_68e3d9c6dd_b.jpg,unknown,,,,,,"(nan, nan)",['iberian lynx general'],113
5,2019-07-06T10:42:49.000Z,,,57280693@N07,georgeoide,True,Lince ibérico (Lynx pardinus),https://live.staticflickr.com/65535/49826985097_62a5edf49d_b.jpg,unknown,,,,,,"(nan, nan)","['iberian lynx general multilingual', 'iberian lynx general']",113
6,2020-04-07T23:59:44.000Z,,,169317639@N03,abigailauroragonzalez,True,Gorgeous Lynx! Their photogenic ❤️,https://live.staticflickr.com/65535/49759592241_5031771891_b.jpg,unknown,,,,,,"(nan, nan)",['iberian lynx general'],113
7,2020-04-07T23:50:54.000Z,,,169317639@N03,abigailauroragonzalez,True,Gorgeous Lynx! Their photogenic ❤️,https://live.staticflickr.com/65535/49759592246_6275072b8e_b.jpg,TRUE,,,,,,"(nan, nan)",['iberian lynx general'],113
8,2020-03-05T14:49:57.000Z,,,33060881@N04,franciscojavierguerra,True,"Jerez de la Frontera (Cádiz)-Zoobotánico-19-Lince ibérico (Lynx pardinus, Mamíferos Carnívoros Félidos)",https://live.staticflickr.com/65535/49743719372_e43e1859be_b.jpg,unknown,,,,,,"(nan, nan)","['iberian lynx general multilingual', 'iberian lynx general']",113
9,2020-03-05T14:50:52.000Z,,,33060881@N04,franciscojavierguerra,True,"Jerez de la Frontera (Cádiz)-Zoobotánico-20-Lince ibérico (Lynx pardinus, Mamíferos Carnívoros Félidos)",https://live.staticflickr.com/65535/49742848118_9ee1cfb4e4_b.jpg,unknown,,,,,,"(nan, nan)","['iberian lynx general multilingual', 'iberian lynx general']",113
10,2019-07-31T17:27:23.000Z,,,65122389@N03,ansgar11,True,The Lynx King,https://live.staticflickr.com/65535/49692241356_f33712bfde_b.jpg,unknown,,"Valladolid, Spain","(41.6529426574707, -4.728384017944336)",41.6529426574707,-4.728384017944336,"(nan, nan)","['iberian lynx general multilingual', 'iberian lynx general']",113
11,2020-02-01T12:47:17.000Z,,,187443543@N07,miryam.tks,True,Bolos VS lynx,https://live.staticflickr.com/65535/49662307427_143562a069_b.jpg,TRUE,,,,,,"(nan, nan)",['iberian lynx general'],113
12,2020-02-29T05:29:18.000Z,,,187093460@N03,ongacer,True,Lynx (donana park),https://live.staticflickr.com/65535/49600154612_d8002291b7_b.jpg,TRUE,,,,,,"(nan, nan)",['iberian lynx general'],113
13,2020-02-06T10:23:13.000Z,,,142538528@N03,vilaramon,True,Lynx-7,https://live.staticflickr.com/65535/49537558193_0d35ba9fcd_b.jpg,TRUE,,,,,,"(nan, nan)",['iberian lynx general'],113
14,2020-02-06T09:19:37.000Z,,,142538528@N03,vilaramon,True,Lynx-1,https://live.staticflickr.com/65535/49537558438_4d35c7ae4d_b.jpg,TRUE,,,,,,"(nan, nan)",['iberian lynx general'],113
15,2020-02-06T09:19:52.000Z,,,142538528@N03,vilaramon,True,Lynx-2,https://live.staticflickr.com/65535/49537558408_b9dc48d6e9_b.jpg,TRUE,,,,,,"(nan, nan)",['iberian lynx general'],113
16,2020-02-06T10:22:54.000Z,,,142538528@N03,vilaramon,True,Lynx-3,https://live.staticflickr.com/65535/49537558323_b9c285b0c0_b.jpg,TRUE,,,,,,"(nan, nan)",['iberian lynx general'],113
17,2020-02-06T10:22:55.000Z,,,142538528@N03,vilaramon,True,Lynx-4,https://live.staticflickr.com/65535/49538279357_e6211c1579_b.jpg,TRUE,,,,,,"(nan, nan)",['iberian lynx general'],113
18,2020-02-06T10:22:58.000Z,,,142538528@N03,vilaramon,True,Lynx-5,https://live.staticflickr.com/65535/49538279337_9e4d776d2f_b.jpg,TRUE,,,,,,"(nan, nan)",['iberian lynx general'],113
19,2020-02-06T10:22:59.000Z,,,142538528@N03,vilaramon,True,Lynx-6,https://live.staticflickr.com/65535/49538052226_13605729e8_b.jpg,TRUE,,,,,,"(nan, nan)",['iberian lynx general'],113
20,2020-02-06T10:23:30.000Z,,,142538528@N03,vilaramon,True,Lynx-8,https://live.staticflickr.com/65535/49537558163_a50dc634cd_b.jpg,TRUE,,,,,,"(nan, nan)",['iberian lynx general'],113
21,2020-02-06T10:23:46.000Z,,,142538528@N03,vilaramon,True,Lynx-9,https://live.staticflickr.com/65535/49538279142_b529cb4f77_b.jpg,TRUE,,,,,,"(nan, nan)",['iberian lynx general'],113
22,2020-02-08T02:27:19.000Z,,,131448932@N02,gypaetebarbu30,True,lynx pardelle-21,https://live.staticflickr.com/65535/49505390017_738286e60e_b.jpg,TRUE,,,,,,"(nan, nan)",['iberian lynx general'],113
23,2020-02-08T02:24:00.000Z,,,131448932@N02,gypaetebarbu30,True,lynx pardelle-20,https://live.staticflickr.com/65535/49504653113_200ee3542f_b.jpg,TRUE,,,,,,"(nan, nan)",['iberian lynx general'],113
24,2020-02-08T02:19:55.000Z,,,131448932@N02,gypaetebarbu30,True,lynx pardelle-16,https://live.staticflickr.com/65535/49505154561_e1d6fc7c70_b.jpg,TRUE,,,,,,"(nan, nan)",['iberian lynx general'],113
25,2020-02-08T02:19:34.000Z,,,131448932@N02,gypaetebarbu30,True,lynx pardelle-18,https://live.staticflickr.com/65535/49504640143_4d6b260180_b.jpg,TRUE,,,,,,"(nan, nan)",['iberian lynx general'],113
26,2020-02-08T02:19:24.000Z,,,131448932@N02,gypaetebarbu30,True,lynx pardelle-19,https://live.staticflickr.com/65535/49505153166_bc521cc56d_b.jpg,TRUE,,,,,,"(nan, nan)",['iberian lynx general'],113
27,2020-02-08T01:44:32.000Z,,,131448932@N02,gypaetebarbu30,True,lynx pardelle-12,https://live.staticflickr.com/65535/49504558138_2d8851f0f0_b.jpg,TRUE,,,,,,"(nan, nan)",['iberian lynx general'],113
28,2020-02-08T01:38:43.000Z,,,131448932@N02,gypaetebarbu30,True,lynx pardelle-11,https://live.staticflickr.com/65535/49504544613_b18e376fab_b.jpg,TRUE,,,,,,"(nan, nan)",['iberian lynx general'],113
29,2020-02-08T01:34:04.000Z,,,131448932@N02,gypaetebarbu30,True,lynx pardelle-9,https://live.staticflickr.com/65535/49505047186_88fddabf5c_b.jpg,TRUE,,,,,,"(nan, nan)",['iberian lynx general'],113
30,2020-02-08T01:30:10.000Z,,,131448932@N02,gypaetebarbu30,True,lynx pardelle-8,https://live.staticflickr.com/65535/49504524743_afe7e434ac_b.jpg,TRUE,,,,,,"(nan, nan)",['iberian lynx general'],113
31,2020-02-08T01:19:44.000Z,,,131448932@N02,gypaetebarbu30,True,lynx pardelle-7,https://live.staticflickr.com/65535/49505013086_174825a17a_b.jpg,TRUE,,,,,,"(nan, nan)",['iberian lynx general'],113
32,2020-02-11T07:24:17.000Z,,,89000996@N04,Maxwell Law Photography LRPS,True,Lynx,https://live.staticflickr.com/65535/49522138263_7e09103aee_b.jpg,TRUE,,,,,,"(nan, nan)",['iberian lynx general'],113
33,2020-02-11T07:24:17.000Z,,,89000996@N04,Maxwell Law Photography LRPS,True,Lynx,https://live.staticflickr.com/65535/49522409907_5100acb586_b.jpg,TRUE,,,,,,"(nan, nan)",['iberian lynx general'],113
34,2019-11-02T09:27:12.000Z,,,37490466@N03,Luís Freitas,True,Lince Ibérico (Lynx pardinus),https://live.staticflickr.com/65535/49503271132_816d2982e7_b.jpg,unknown,,,,,,"(nan, nan)","['iberian lynx general multilingual', 'iberian lynx general']",113
35,2020-02-07T02:26:25.000Z,,,131448932@N02,gypaetebarbu30,True,lynx pardelle-6,https://live.staticflickr.com/65535/49500959882_5e64bdaaa2_b.jpg,TRUE,,,,,,"(nan, nan)",['iberian lynx general'],113
36,2020-02-06T08:51:03.000Z,,,131448932@N02,gypaetebarbu30,True,lynx pardelle-5,https://live.staticflickr.com/65535/49497670167_093a4b4628_b.jpg,TRUE,,,,,,"(nan, nan)",['iberian lynx general'],113
37,2020-02-05T05:47:11.000Z,,,153828093@N04,jnoel.camilleri,True,En toute liberté !,https://live.staticflickr.com/65535/49491742958_ca93269417_b.jpg,TRUE,,,,,,"(nan, nan)",['iberian lynx general'],113
38,2020-02-05T03:43:48.000Z,,,131448932@N02,gypaetebarbu30,True,lynx pardelle-3,https://live.staticflickr.com/65535/49491868351_3df6c4fc63_b.jpg,TRUE,,,,,,"(nan, nan)",['iberian lynx general'],113
39,2020-02-04T23:28:29.000Z,,,131448932@N02,gypaetebarbu30,True,lynx pardelle-2,https://live.staticflickr.com/65535/49490717358_4b1731d099_b.jpg,TRUE,,,,,,"(nan, nan)",['iberian lynx general'],113
40,10/20/19 9:41,,,151125557@N03,a_nni_k,True,luchs,https://live.staticflickr.com/65535/50176974658_85242ce0d8_b.jpg,unknown,,Sevilla,"(37.38264083862305, -5.996294975280762)",37.38264083862305,-5.996294975280762,"(nan, nan)","['iberian lynx general multilingual', 'iberian lynx general', 'iberian lynx specific multilingual', 'iberian lynx specific']",113
41,2020-07-13T07:09:31.000Z,,,80351484@N03,Anendima,True,Lince ibérico (Odrina),https://live.staticflickr.com/65535/50161629448_c13f881d89_b.jpg,unknown,,,,,,"(nan, nan)","['iberian lynx general multilingual', 'iberian lynx general', 'iberian lynx specific multilingual', 'iberian lynx specific']",113
42,2020-07-13T07:09:30.000Z,,,80351484@N03,Anendima,True,Lince ibérico (Odrina),https://live.staticflickr.com/65535/50161629483_2a069aec76_b.jpg,unknown,,,,,,"(nan, nan)","['iberian lynx general multilingual', 'iberian lynx general', 'iberian lynx specific multilingual', 'iberian lynx specific']",113
43,2020-07-13T07:11:27.000Z,,,80351484@N03,Anendima,True,Lince ibérico (Odrina),https://live.staticflickr.com/65535/50161629433_e9d2abb7d2_b.jpg,unknown,,,,,,"(nan, nan)","['iberian lynx general multilingual', 'iberian lynx general', 'iberian lynx specific multilingual', 'iberian lynx specific']",113
44,2020-07-13T07:00:16.000Z,,,80351484@N03,Anendima,True,Cachorros de lince ibérico,https://live.staticflickr.com/65535/50152397682_bbd832741f_b.jpg,unknown,,,,,,"(nan, nan)","['iberian lynx general multilingual', 'iberian lynx general', 'iberian lynx specific multilingual', 'iberian lynx specific']",113
45,2020-01-10T11:28:43.000Z,,,93144813@N06,Ale Colorado,True,"Lince Ibérico, Iberian lynx ( Lynx pardinus ).",https://live.staticflickr.com/65535/49818470943_fac38cea98_b.jpg,unknown,,,,,,"(nan, nan)","['iberian lynx general multilingual', 'iberian lynx general', 'iberian lynx specific multilingual', 'iberian lynx specific']",113
46,2020-04-06T15:16:19.000Z,,,183638952@N07,jrgmonje,True,Lince ibérico (Lynx pardinus),https://live.staticflickr.com/65535/49757423537_de396f33fb_b.jpg,unknown,,,,,,"(nan, nan)","['iberian lynx general multilingual', 'iberian lynx general', 'iberian lynx specific multilingual', 'iberian lynx specific']",113
47,2020-01-04T14:14:35.000Z,,,140792321@N03,lukasz36,True,Iberian Lynx,https://live.staticflickr.com/65535/49737971501_da85182045_b.jpg,unknown,,,,,,"(nan, nan)","['iberian lynx general', 'iberian lynx specific']",113
48,1/4/20 17:21,,,140792321@N03,lukasz36,True,Iberian Lynx,https://live.staticflickr.com/65535/49738190792_ac898a1dfa_b.jpg,unknown,,,,,,"(nan, nan)","['iberian lynx general', 'iberian lynx specific']",113
49,2020-01-04T14:11:45.000Z,,,140792321@N03,lukasz36,True,Iberian Lynx,https://live.staticflickr.com/65535/49738190612_c7ea488534_b.jpg,TRUE,,,,,,"(nan, nan)","['iberian lynx general', 'iberian lynx specific']",113
50,2020-07-13T07:00:31.000Z,,,80351484@N03,Anendima,True,Cachorros de lince ibérico,https://live.staticflickr.com/65535/50152161251_a6a0d9e2e8_b.jpg,unknown,,,,,,"(nan, nan)","['iberian lynx general multilingual', 'iberian lynx general', 'iberian lynx specific multilingual', 'iberian lynx specific']",113
51,2020-07-13T06:59:32.000Z,,,80351484@N03,Anendima,True,Cachorro de lince ibérico,https://live.staticflickr.com/65535/50152397752_d6156105de_b.jpg,unknown,,,,,,"(nan, nan)","['iberian lynx general multilingual', 'iberian lynx general', 'iberian lynx specific multilingual', 'iberian lynx specific']",113
52,2020-01-04T14:11:55.000Z,,,140792321@N03,lukasz36,True,Iberian Lynx,https://live.staticflickr.com/65535/49737341838_cb4314b28c_b.jpg,unknown,,,,,,"(nan, nan)","['iberian lynx general', 'iberian lynx specific']",113
53,2020-01-21T17:10:16.000Z,,,30900814@N03,thesetter,True,Female Iberian Lynx,https://live.staticflickr.com/65535/49686548896_1406ef8a1f_b.jpg,TRUE,,,,,,"(nan, nan)","['iberian lynx general', 'iberian lynx specific']",113
54,2020-01-21T17:10:22.000Z,,,30900814@N03,thesetter,True,Female Iberian Lynx,https://live.staticflickr.com/65535/49686548491_03fba90557_b.jpg,TRUE,,,,,,"(nan, nan)","['iberian lynx general', 'iberian lynx specific']",113
55,2020-01-21T17:10:25.000Z,,,30900814@N03,thesetter,True,Female Iberian Lynx,https://live.staticflickr.com/65535/49686849587_cedc6518ea_b.jpg,TRUE,,,,,,"(nan, nan)","['iberian lynx general', 'iberian lynx specific']",113
56,2020-01-21T17:10:36.000Z,,,30900814@N03,thesetter,True,Female Iberian Lynx,https://live.staticflickr.com/65535/49686849302_7cdc765198_b.jpg,TRUE,,,,,,"(nan, nan)","['iberian lynx general', 'iberian lynx specific']",113
57,2020-01-21T17:10:59.000Z,,,30900814@N03,thesetter,True,Female Iberian Lynx,https://live.staticflickr.com/65535/49686015618_284e98c12e_b.jpg,TRUE,,,,,,"(nan, nan)","['iberian lynx general', 'iberian lynx specific']",113
58,2020-01-21T17:11:10.000Z,,,30900814@N03,thesetter,True,Female Iberian Lynx,https://live.staticflickr.com/65535/49686015403_dbfc339e55_b.jpg,TRUE,,,,,,"(nan, nan)","['iberian lynx general', 'iberian lynx specific']",113
59,2020-01-21T17:10:59.000Z,,,30900814@N03,thesetter,True,Female Iberian Lynx,https://live.staticflickr.com/65535/49686543466_01bc54d842_b.jpg,TRUE,,,,,,"(nan, nan)","['iberian lynx general', 'iberian lynx specific']",113
60,2020-01-07T17:52:58.000Z,,,41931812@N06,Pau Nuñez,True,Iberian lynx - Lynx pardinus,https://live.staticflickr.com/65535/49666117093_79cd3f2d82_b.jpg,TRUE,,,,,,"(nan, nan)","['iberian lynx general multilingual', 'iberian lynx general', 'iberian lynx specific']",113
61,2020-03-11T08:26:28.000Z,,,57315395@N03,RubenPascualLopez,True,Lince ibérico -  Iberian Lynx,https://live.staticflickr.com/65535/49659611236_9ea66d6957_b.jpg,TRUE,,Segovia,"(40.94942855834961, -4.119208812713623)",40.94942855834961,-4.119208812713623,"(nan, nan)","['iberian lynx general multilingual', 'iberian lynx general', 'iberian lynx specific multilingual', 'iberian lynx specific']",113
62,2020-03-12T02:40:36.000Z,,,120559894@N05,Santiago GV,True,Lince ibérico / Iberian lynx (Lynx pardinus),https://live.staticflickr.com/65535/49651103231_de90b66dd5_b.jpg,unknown,,,,,,"(nan, nan)","['iberian lynx general multilingual', 'iberian lynx general', 'iberian lynx specific multilingual', 'iberian lynx specific']",113
63,2020-02-25T17:22:51.000Z,,,127030885@N08,SalfordMartin,True,"Iberian lynx - Doñana National Park, Spain",https://live.staticflickr.com/65535/49631502361_aa16bd8be8_b.jpg,TRUE,,Bury,"(53.59346008300781, -2.2985401153564453)",53.59346008300781,-2.2985401153564453,"(nan, nan)","['iberian lynx general', 'iberian lynx specific']",113
64,2020-02-24T17:20:21.000Z,,,127030885@N08,SalfordMartin,True,"Iberian lynx - Doñana National Park, Spain",https://live.staticflickr.com/65535/49630979718_4b0488a5bb_b.jpg,TRUE,,Bury,"(53.59346008300781, -2.2985401153564453)",53.59346008300781,-2.2985401153564453,"(nan, nan)","['iberian lynx general', 'iberian lynx specific']",113
65,2019-12-27T12:46:52.000Z,,,144833617@N05,ecotonobirding,True,Iberian lynx Sierra Morena,https://live.staticflickr.com/65535/49584241082_fcf2c9edd4_b.jpg,unknown,,,,,,"(nan, nan)","['iberian lynx general', 'iberian lynx specific']",113
66,2020-01-04T14:39:12.000Z,,,140792321@N03,lukasz36,True,Iberian Lynx,https://live.staticflickr.com/65535/49575060092_15c5a97da9_b.jpg,unknown,,,,,,"(nan, nan)","['iberian lynx general', 'iberian lynx specific']",113
67,2020-01-21T16:02:31.000Z,,,64045479@N05,Roger Wasley,True,Iberian Lynx ♀ Lynx pardinus,https://live.staticflickr.com/65535/49450403821_a27b618cb2_b.jpg,TRUE,,England,"(51.500152587890625, -0.12623600661754608)",51.500152587890625,-0.12623600661754608,"(nan, nan)",['iberian lynx specific'],113
68,2020-01-19T09:39:30.000Z,,,59783550@N00,diegocon1964,True,"Lynx pardinus ( Lince ibérico , Iberian Lynx )",https://live.staticflickr.com/65535/49409457993_b11048870e_b.jpg,unknown,,España,"(40.390106201171875, -3.554382085800171)",40.390106201171875,-3.554382085800171,"(nan, nan)","['iberian lynx general multilingual', 'iberian lynx specific multilingual', 'iberian lynx specific']",113
69,2020-01-04T14:11:46.000Z,,,140792321@N03,lukasz36,True,Ibernian Lynx,https://live.staticflickr.com/65535/49345893698_5a700feaed_b.jpg,TRUE,,,,,,"(nan, nan)",['iberian lynx specific'],113
70,2020-01-04T14:48:17.000Z,,,140792321@N03,lukasz36,True,Male Iberian Lynx playing,https://live.staticflickr.com/65535/49344078248_1ce9d439ab_b.jpg,unknown,,,,,,"(nan, nan)",['iberian lynx specific'],113
71,2020-01-04T17:22:56.000Z,,,140792321@N03,lukasz36,True,Female Iberian Lynx Andujar Spain,https://live.staticflickr.com/65535/49344745947_1594d5e7c2_b.jpg,TRUE,,,,,,"(nan, nan)",['iberian lynx specific'],113
72,2020-01-04T14:16:38.000Z,,,140792321@N03,lukasz36,True,Iberian Lynx,https://live.staticflickr.com/65535/49344033288_6150fb93b7_b.jpg,unknown,,,,,,"(nan, nan)",['iberian lynx specific'],113
73,2020-01-04T14:14:39.000Z,,,140792321@N03,lukasz36,True,Iberian Lynx,https://live.staticflickr.com/65535/49344015776_50cbb417c2_b.jpg,unknown,,,,,,"(nan, nan)",['iberian lynx specific'],113
74,2020-01-04T14:15:50.000Z,,,140792321@N03,lukasz36,True,Iberian Lynx,https://live.staticflickr.com/65535/49343560293_cbf40ca3ab_b.jpg,unknown,,,,,,"(nan, nan)",['iberian lynx specific'],113
75,2019-06-02T09:05:39.000Z,,,144833617@N05,ecotonobirding,True,Iberian Lynx Kilo adult male,https://live.staticflickr.com/65535/49099992561_90e54af708_b.jpg,TRUE,,,,,,"(nan, nan)","['iberian lynx general multilingual', 'iberian lynx specific multilingual', 'iberian lynx specific']",113
76,2019-06-02T09:02:54.000Z,,,144833617@N05,ecotonobirding,True,Iberian Lynx Platero,https://live.staticflickr.com/65535/49099992501_5977325655_b.jpg,TRUE,,,,,,"(nan, nan)","['iberian lynx general multilingual', 'iberian lynx specific multilingual', 'iberian lynx specific']",113
77,2019-06-02T09:04:09.000Z,,,144833617@N05,ecotonobirding,True,Iberian Lynx Platero,https://live.staticflickr.com/65535/49099992476_a54d9ab90c_b.jpg,TRUE,,,,,,"(nan, nan)","['iberian lynx general multilingual', 'iberian lynx specific multilingual', 'iberian lynx specific']",113
78,2019-06-02T09:29:48.000Z,,,144833617@N05,ecotonobirding,True,Iberian Lynx Platero,https://live.staticflickr.com/65535/49100191527_1bcd6d1cec_b.jpg,TRUE,,,,,,"(nan, nan)","['iberian lynx general multilingual', 'iberian lynx specific multilingual', 'iberian lynx specific']",113
79,2019-06-02T09:30:18.000Z,,,144833617@N05,ecotonobirding,True,Iberian Lynx Platero juv male,https://live.staticflickr.com/65535/49099485628_6d3616ec42_b.jpg,TRUE,,,,,,"(nan, nan)","['iberian lynx general multilingual', 'iberian lynx specific multilingual', 'iberian lynx specific']",113
80,2019-06-02T09:03:03.000Z,,,144833617@N05,ecotonobirding,True,Iberian Lynx juvenil male,https://live.staticflickr.com/65535/49095005272_61c46b2d77_b.jpg,TRUE,,,,,,"(nan, nan)","['iberian lynx general multilingual', 'iberian lynx specific multilingual', 'iberian lynx specific']",113
81,2019-11-09T08:15:24.000Z,,,80155703@N08,Juan Caballero.,True,Iberian Lynx (Lynx pardinus),https://live.staticflickr.com/65535/49036950351_7cf4dbe63a_b.jpg,TRUE,,,,,,"(nan, nan)","['iberian lynx general multilingual', 'iberian lynx specific multilingual', 'iberian lynx specific']",113
82,2019-11-05T09:28:50.000Z,,,183638952@N07,jrgmonje,True,Iberian lynx (Lynx pardinus),https://live.staticflickr.com/65535/49019630021_56f65cc8e4_b.jpg,unknown,,,,,,"(nan, nan)","['iberian lynx general multilingual', 'iberian lynx specific multilingual', 'iberian lynx specific']",113
83,2019-10-20T19:20:35.000Z,,,80155703@N08,Juan Caballero.,True,Iberian Lynx (Lynx pardinus),https://live.staticflickr.com/65535/48930476463_b55675ac13_b.jpg,TRUE,,,,,,"(nan, nan)",['iberian lynx specific'],113
84,2019-07-16T09:26:47.000Z,,,183638952@N07,jrgmonje,True,Kilo,https://live.staticflickr.com/65535/48720919698_0468ae34ac_b.jpg,unknown,,,,,,"(nan, nan)","['iberian lynx general multilingual', 'iberian lynx specific multilingual', 'iberian lynx specific']",113
85,2019-09-07T11:53:50.000Z,,,125708991@N03,TheLionPo,True,Cat eyes,https://live.staticflickr.com/65535/48699005806_1923d79c0a_b.jpg,unknown,,,,,,"(nan, nan)","['iberian lynx general multilingual', 'iberian lynx specific multilingual', 'iberian lynx specific']",113
86,2019-08-21T17:40:00.000Z,,,183638952@N07,jrgmonje,True,Platero,https://live.staticflickr.com/65535/48605871782_79df3e8635_b.jpg,TRUE,,,,,,"(nan, nan)","['iberian lynx general multilingual', 'iberian lynx specific multilingual', 'iberian lynx specific']",113
87,2019-08-21T17:37:52.000Z,,,183638952@N07,jrgmonje,True,Lupa,https://live.staticflickr.com/65535/48605730061_d23962984b_b.jpg,unknown,,,,,,"(nan, nan)","['iberian lynx general multilingual', 'iberian lynx specific multilingual', 'iberian lynx specific']",113
88,2020-01-17T17:18:40.000Z,,,30900814@N03,thesetter,True,Iberian Lynx!,https://live.staticflickr.com/65535/49683792588_75edc4ff34_b.jpg,TRUE,,,,,,"(nan, nan)","['iberian lynx general', 'iberian lynx specific']",113
89,2020-01-17T17:18:49.000Z,,,30900814@N03,thesetter,True,Iberian Lynx!,https://live.staticflickr.com/65535/49683792568_24d2294f4e_b.jpg,TRUE,,,,,,"(nan, nan)","['iberian lynx general', 'iberian lynx specific']",113
90,2020-01-17T17:18:33.000Z,,,30900814@N03,thesetter,True,Iberian Lynx!,https://live.staticflickr.com/65535/49683791773_6c5b0f66d1_b.jpg,TRUE,,,,,,"(nan, nan)","['iberian lynx general', 'iberian lynx specific']",113
91,2020-01-17T18:26:42.000Z,,,30900814@N03,thesetter,True,Iberian Lynx!,https://live.staticflickr.com/65535/49684624742_721868169f_b.jpg,TRUE,,,,,,"(nan, nan)","['iberian lynx general', 'iberian lynx specific']",113
92,2020-02-25T17:17:52.000Z,,,127030885@N08,SalfordMartin,True,"Iberian lynx - Doñana National Park, Spain",https://live.staticflickr.com/65535/49631773607_a5f85b8036_b.jpg,TRUE,,Bury,"(53.59346008300781, -2.2985401153564453)",53.59346008300781,-2.2985401153564453,"(nan, nan)","['iberian lynx general', 'iberian lynx specific']",113
93,2020-02-25T17:40:51.000Z,,,127030885@N08,SalfordMartin,True,"Iberian lynx - Doñana National Park, Spain",https://live.staticflickr.com/65535/49631773542_a008ae9c88_b.jpg,TRUE,,Bury,"(53.59346008300781, -2.2985401153564453)",53.59346008300781,-2.2985401153564453,"(nan, nan)","['iberian lynx general', 'iberian lynx specific']",113
94,2020-02-25T17:18:59.000Z,,,127030885@N08,SalfordMartin,True,"Iberian lynx - Doñana National Park, Spain",https://live.staticflickr.com/65535/49631772742_dbfeff6816_b.jpg,TRUE,,Bury,"(53.59346008300781, -2.2985401153564453)",53.59346008300781,-2.2985401153564453,"(nan, nan)","['iberian lynx general', 'iberian lynx specific']",113
95,2020-02-25T17:22:41.000Z,,,127030885@N08,SalfordMartin,True,"Iberian lynx - Doñana National Park, Spain",https://live.staticflickr.com/65535/49631772527_d4bfb8e85c_b.jpg,TRUE,,Bury,"(53.59346008300781, -2.2985401153564453)",53.59346008300781,-2.2985401153564453,"(nan, nan)","['iberian lynx general', 'iberian lynx specific']",113
96,2020-02-25T17:40:57.000Z,,,127030885@N08,SalfordMartin,True,"Iberian lynx - Doñana National Park, Spain",https://live.staticflickr.com/65535/49631772417_d71252246b_b.jpg,TRUE,,Bury,"(53.59346008300781, -2.2985401153564453)",53.59346008300781,-2.2985401153564453,"(nan, nan)","['iberian lynx general', 'iberian lynx specific']",113
97,2020-02-25T17:18:53.000Z,,,127030885@N08,SalfordMartin,True,"Iberian lynx - Doñana National Park, Spain",https://live.staticflickr.com/65535/49631772217_20a9b848e4_b.jpg,TRUE,,Bury,"(53.59346008300781, -2.2985401153564453)",53.59346008300781,-2.2985401153564453,"(nan, nan)","['iberian lynx general', 'iberian lynx specific']",113
98,2020-02-25T17:22:50.000Z,,,127030885@N08,SalfordMartin,True,"Iberian lynx - Doñana National Park, Spain",https://live.staticflickr.com/65535/49630981088_9fe3b93a98_b.jpg,TRUE,,Bury,"(53.59346008300781, -2.2985401153564453)",53.59346008300781,-2.2985401153564453,"(nan, nan)","['iberian lynx general', 'iberian lynx specific']",113
99,2020-02-25T17:18:43.000Z,,,127030885@N08,SalfordMartin,True,"Iberian lynx - Doñana National Park, Spain",https://live.staticflickr.com/65535/49631503356_78e799f547_b.jpg,TRUE,,Bury,"(53.59346008300781, -2.2985401153564453)",53.59346008300781,-2.2985401153564453,"(nan, nan)","['iberian lynx general', 'iberian lynx specific']",113
100,2020-02-25T17:18:57.000Z,,,127030885@N08,SalfordMartin,True,"Iberian lynx - Doñana National Park, Spain",https://live.staticflickr.com/65535/49631503221_05f26dba83_b.jpg,TRUE,,Bury,"(53.59346008300781, -2.2985401153564453)",53.59346008300781,-2.2985401153564453,"(nan, nan)","['iberian lynx general', 'iberian lynx specific']",113
101,2020-02-25T17:40:28.000Z,,,127030885@N08,SalfordMartin,True,"Iberian lynx - Doñana National Park, Spain",https://live.staticflickr.com/65535/49631770907_e6f9f08777_b.jpg,TRUE,,Bury,"(53.59346008300781, -2.2985401153564453)",53.59346008300781,-2.2985401153564453,"(nan, nan)","['iberian lynx general', 'iberian lynx specific']",113
102,2020-02-25T17:31:46.000Z,,,127030885@N08,SalfordMartin,True,"Iberian lynx - Doñana National Park, Spain",https://live.staticflickr.com/65535/49630979678_e22118a9a6_b.jpg,TRUE,,Bury,"(53.59346008300781, -2.2985401153564453)",53.59346008300781,-2.2985401153564453,"(nan, nan)","['iberian lynx general', 'iberian lynx specific']",113
103,2020-03-05T23:47:51.000Z,,,120559894@N05,Santiago GV,True,Lince ibérico / Iberian lynx (Lynx pardinus),https://live.staticflickr.com/65535/49625789746_9d63da2077_b.jpg,unknown,,,,,,"(nan, nan)","['iberian lynx general multilingual', 'iberian lynx general', 'iberian lynx specific multilingual', 'iberian lynx specific']",113
104,2019-12-17T15:00:42.000Z,,,80351484@N03,Anendima,True,Lince ibérico,https://live.staticflickr.com/65535/49510120021_204c8214dd_b.jpg,unknown,,,,,,"(nan, nan)","['iberian lynx general multilingual', 'iberian lynx general', 'iberian lynx specific multilingual', 'iberian lynx specific']",113
105,2019-12-17T15:00:35.000Z,,,80351484@N03,Anendima,True,Lince ibérico,https://live.staticflickr.com/65535/49510119951_604a524c57_b.jpg,unknown,,,,,,"(nan, nan)","['iberian lynx general multilingual', 'iberian lynx general', 'iberian lynx specific multilingual', 'iberian lynx specific']",113
106,2020-01-21T16:02:00.000Z,,,64045479@N05,Roger Wasley,True,Iberian Lynx ♀ Lynx pardinus,https://live.staticflickr.com/65535/49468970201_f2a101cfc4_b.jpg,TRUE,,England,"(51.500152587890625, -0.12623600661754608)",51.500152587890625,-0.12623600661754608,"(nan, nan)",['iberian lynx specific'],113
107,2020-01-01T00:00:00.000Z,,,111949217@N08,robertonatura,True,We begin new year with the iberian ladies beauty,https://live.staticflickr.com/65535/49406827448_8e6e0f7f55_b.jpg,TRUE,,Avilés (Asturias),"(43.555511474609375, -5.924623966217041)",43.555511474609375,-5.924623966217041,"(nan, nan)","['iberian lynx general multilingual', 'iberian lynx specific multilingual', 'iberian lynx specific']",113
108,2019-12-17T15:01:47.000Z,,,80351484@N03,Anendima,True,Lince ibérico,https://live.staticflickr.com/65535/49367116802_c9ea412776_b.jpg,unknown,,,,,,"(nan, nan)","['iberian lynx general multilingual', 'iberian lynx specific multilingual', 'iberian lynx specific']",113
109,2020-01-04T14:14:42.000Z,,,140792321@N03,lukasz36,True,Iberian Lynx,https://live.staticflickr.com/65535/49344015271_a3549f51d4_b.jpg,unknown,,,,,,"(nan, nan)",['iberian lynx specific'],113
110,2019-12-04T10:28:10.000Z,,,136193234@N03,uh1977,True,EOS53901,https://live.staticflickr.com/65535/49195182628_90755766e5_b.jpg,TRUE,,,,,,"(nan, nan)",['iberian lynx specific'],113
111,2019-10-11T12:10:47.000Z,,,57730361@N07,f.chabardes,True,191011_esp_and_jer_ara_6992.jpg,https://live.staticflickr.com/65535/49096354987_b35c498ebd_b.jpg,unknown,,,,,,"(nan, nan)",['iberian lynx specific'],113
112,2019-10-11T12:10:46.000Z,,,57730361@N07,f.chabardes,True,191011_esp_and_jer_ara_6990.jpg,https://live.staticflickr.com/65535/49095640453_b747636e05_b.jpg,unknown,,,,,,"(nan, nan)",['iberian lynx specific'],113
113,2020-07-07T14:57:12.000Z,48.775057,6.901004,36274920@N05,Valerie Hukalo,True,Parc Animalier de Sainte-Croix - Juillet 2020,https://live.staticflickr.com/65535/50093803108_dbb51106c6_b.jpg,FALSE,,,,,,"(48.775057, 6.901004)",['iberian lynx general'],2
114,2020-07-07T15:01:14.000Z,48.775057,6.901004,36274920@N05,Valerie Hukalo,True,Parc Animalier de Sainte-Croix - Juillet 2020,https://live.staticflickr.com/65535/50093799863_46a36e16af_b.jpg,FALSE,,,,,,"(48.775057, 6.901004)",['iberian lynx general'],2
115,2020-02-14T14:45:32.000Z,51.543953,7.114387,14647951@N04,Michael Döring,True,Luchs,https://live.staticflickr.com/65535/49537181346_2c3641a918_b.jpg,FALSE,,"Gelsenkirchen, GER","(51.511531829833984, 7.093029975891113)",51.511531829833984,7.093029975891113,"(51.543953, 7.114387)",['iberian lynx general'],3
116,2020-02-14T14:46:05.000Z,51.543953,7.114387,14647951@N04,Michael Döring,True,Luchs,https://live.staticflickr.com/65535/49537408492_088cd5883d_b.jpg,FALSE,,"Gelsenkirchen, GER","(51.511531829833984, 7.093029975891113)",51.511531829833984,7.093029975891113,"(51.543953, 7.114387)",['iberian lynx general'],3
117,2020-02-05T11:05:30.000Z,51.543953,7.114387,14647951@N04,Michael Döring,True,Luchs,https://live.staticflickr.com/65535/49509600846_6bf8bd7e93_b.jpg,FALSE,,"Gelsenkirchen, GER","(51.511531829833984, 7.093029975891113)",51.511531829833984,7.093029975891113,"(51.543953, 7.114387)",['iberian lynx general'],3
118,2019-11-07T18:38:33.000Z,38.213501,-3.959841,8900879@N07,José Luis Pérez Navarro,True,Face to face,https://live.staticflickr.com/65535/49061520033_aceaaaf8fc_b.jpg,TRUE,,"Marmolejo (Jaén), España","(38.04432678222656, -4.170608043670654)",38.04432678222656,-4.170608043670654,"(38.213501, -3.959841)","['iberian lynx general multilingual', 'iberian lynx specific multilingual', 'iberian lynx specific']",1
