,datetaken,encounter_latitude,encounter_longitude,owner,ownername,relevant,title,url,wild,confidence,user_location_name,user_coordinates,user_latitude,user_longitude,geometry,encounter_coordinates,num_encounters_at_coords,residing_mongodb_collection,num_users_at_coords
0,2019-08-16T10:13:35.000Z,,,84169650@N07,Neil DeMaster,True,Whale Shark,https://live.staticflickr.com/65535/48644786826_a547be175b_b.jpg,unknown,,"Basking Ridge, USA","(40.706573486328125, -74.54951477050781)",40.706573486328125,-74.54951477050781,POINT (-74.54951477050781 40.70657348632812),"(nan, nan)",399,['whale shark specific'],6
1,2019-08-16T10:49:56.000Z,,,84169650@N07,Neil DeMaster,True,Whale Shark,https://live.staticflickr.com/65535/48644785781_14f570f778_b.jpg,TRUE,,"Basking Ridge, USA","(40.706573486328125, -74.54951477050781)",40.706573486328125,-74.54951477050781,POINT (-74.54951477050781 40.70657348632812),"(nan, nan)",399,['whale shark specific'],6
2,2019-08-16T10:16:14.000Z,,,84169650@N07,Neil DeMaster,True,Whale Shark,https://live.staticflickr.com/65535/48644786716_be742a9994_b.jpg,TRUE,,"Basking Ridge, USA","(40.706573486328125, -74.54951477050781)",40.706573486328125,-74.54951477050781,POINT (-74.54951477050781 40.70657348632812),"(nan, nan)",399,['whale shark specific'],6
3,2019-08-16T10:21:38.000Z,,,84169650@N07,Neil DeMaster,True,Whale Shark,https://live.staticflickr.com/65535/48644920037_8f74aff8d7_b.jpg,unknown,,"Basking Ridge, USA","(40.706573486328125, -74.54951477050781)",40.706573486328125,-74.54951477050781,POINT (-74.54951477050781 40.70657348632812),"(nan, nan)",399,['whale shark specific'],6
4,2019-08-16T10:47:34.000Z,,,84169650@N07,Neil DeMaster,True,Whale Shark,https://live.staticflickr.com/65535/48644919847_cc312c10b7_b.jpg,unknown,,"Basking Ridge, USA","(40.706573486328125, -74.54951477050781)",40.706573486328125,-74.54951477050781,POINT (-74.54951477050781 40.70657348632812),"(nan, nan)",399,['whale shark specific'],6
5,2019-08-16T10:19:44.000Z,,,84169650@N07,Neil DeMaster,True,Whale Shark,https://live.staticflickr.com/65535/48644920187_5d26e35cb9_b.jpg,TRUE,,"Basking Ridge, USA","(40.706573486328125, -74.54951477050781)",40.706573486328125,-74.54951477050781,POINT (-74.54951477050781 40.70657348632812),"(nan, nan)",399,['whale shark specific'],6
6,2019-08-07T08:50:40.000Z,,,17461014@N00,- drsteve -,True,Staring into the giant's eye,https://live.staticflickr.com/65535/48659898021_fe316ba977_b.jpg,TRUE,,"Santa Barbara, CA, USA","(34.420867919921875, -119.6983413696289)",34.420867919921875,-119.6983413696289,POINT (-119.6983413696289 34.42086791992188),"(nan, nan)",399,['whale shark specific'],2
7,2019-08-07T09:51:37.000Z,,,17461014@N00,- drsteve -,True,Whale Shark Feeding,https://live.staticflickr.com/65535/48621156326_795185d669_b.jpg,TRUE,,"Santa Barbara, CA, USA","(34.420867919921875, -119.6983413696289)",34.420867919921875,-119.6983413696289,POINT (-119.6983413696289 34.42086791992188),"(nan, nan)",399,['whale shark specific'],2
8,2019-08-06T09:58:09.000Z,,,22685414@N04,edpdiver,True,08_P8060004 whale shark,https://live.staticflickr.com/65535/48519698291_bd16f90670_b.jpg,TRUE,,"Baton Rouge, USA","(30.449493408203125, -91.09339904785156)",30.449493408203125,-91.09339904785156,POINT (-91.09339904785156 30.44949340820312),"(nan, nan)",399,['whale shark specific'],2
9,2019-08-02T17:21:39.000Z,,,22685414@N04,edpdiver,True,15_P8020070 whale shark,https://live.staticflickr.com/65535/48524288742_510224b9ed_b.jpg,TRUE,,"Baton Rouge, USA","(30.449493408203125, -91.09339904785156)",30.449493408203125,-91.09339904785156,POINT (-91.09339904785156 30.44949340820312),"(nan, nan)",399,['whale shark specific'],2
10,2019-12-28T10:16:11.000Z,,,10559879@N00,avlxyz,True,Whale sharks - Okinawa Churaumi Aquarium - closer,https://live.staticflickr.com/65535/49287178946_4f883ff474_b.jpg,FALSE,,"Melbourne, Australia","(-37.815460205078125, 144.9671630859375)",-37.815460205078125,144.9671630859375,POINT (144.9671630859375 -37.81546020507812),"(nan, nan)",399,['whale shark specific'],3
11,2019-12-28T10:15:55.000Z,,,10559879@N00,avlxyz,True,Whale sharks - Okinawa Churaumi Aquarium,https://live.staticflickr.com/65535/49287173046_ebed929047_b.jpg,FALSE,,"Melbourne, Australia","(-37.815460205078125, 144.9671630859375)",-37.815460205078125,144.9671630859375,POINT (144.9671630859375 -37.81546020507812),"(nan, nan)",399,['whale shark specific'],3
12,2019-12-28T00:17:02.000Z,,,10559879@N00,avlxyz,True,Whale shark triptych - Okinawa Churaumi Aquarium - 3 separate photos in a collage,https://live.staticflickr.com/65535/49309779546_0b7c55396c_b.jpg,FALSE,,"Melbourne, Australia","(-37.815460205078125, 144.9671630859375)",-37.815460205078125,144.9671630859375,POINT (144.9671630859375 -37.81546020507812),"(nan, nan)",399,['whale shark specific'],3
13,2019-07-14T14:48:21.000Z,,,112195869@N03,mattlaiphotos,True,Whale shark,https://live.staticflickr.com/65535/48302756902_7139f61f5c_b.jpg,TRUE,,Taiwan,"(24.0, 121.0)",24.0,121.0,POINT (121 24),"(nan, nan)",399,['whale shark specific'],1
14,2019-12-06T14:56:44.000Z,,,24958117@N07,Corey Hamilton,True,Whale Sharks at Churaumi Aquarium,https://live.staticflickr.com/65535/49181176761_ee36a59273_b.jpg,FALSE,,"Lidcombe, Australia","(-33.856201171875, 151.0511932373047)",-33.856201171875,151.0511932373047,POINT (151.0511932373047 -33.856201171875),"(nan, nan)",399,['whale shark specific'],1
15,2019-07-16T18:18:28.000Z,,,38945681@N07,David Swindler (ActionPhotoTours.com),True,Swimming with Whale Sharks,https://live.staticflickr.com/65535/48307202332_7d63ec7871_b.jpg,unknown,,"Kanab, USA","(37.05582809448242, -112.52632904052734)",37.05582809448242,-112.52632904052734,POINT (-112.5263290405273 37.05582809448242),"(nan, nan)",399,['whale shark specific'],1
16,2020-01-04T06:00:55.000Z,,,28418986@N04,Andreja Sever,True,Blue screen,https://live.staticflickr.com/65535/49469941271_683d2368e5_b.jpg,FALSE,,"Ljubljana, Slovenia","(46.05142593383789, 14.505965232849121)",46.05142593383789,14.50596523284912,POINT (14.50596523284912 46.05142593383789),"(nan, nan)",399,['whale shark specific'],1
17,2019-09-07T10:22:37.000Z,,,26195976@N04,Timothy LaBranche,True,Georgia Aquarium,https://live.staticflickr.com/65535/48714453937_4b52862b91_b.jpg,FALSE,,"New Orleans, LA, United States","(29.951763153076172, -90.07461547851562)",29.95176315307617,-90.07461547851562,POINT (-90.07461547851562 29.95176315307617),"(nan, nan)",399,['whale shark specific'],1
18,2020-06-06T00:22:42.000Z,,,185499332@N03,Emman Montilla,True,Whale Shark (0),https://live.staticflickr.com/65535/49975630958_a0724934e2_b.jpg,unknown,,"Tacloban City. Leyte, Philippines","(11.23748779296875, 124.98916625976562)",11.23748779296875,124.98916625976562,POINT (124.9891662597656 11.23748779296875),"(nan, nan)",399,['whale shark specific'],1
19,2020-03-09T17:40:28.000Z,,,45795007@N06,Pfuetzi,True,Whale Shark,https://live.staticflickr.com/65535/49669209471_687da8a6a2_b.jpg,TRUE,,"Ennis, Ireland","(52.8443489074707, -8.982994079589844)",52.8443489074707,-8.982994079589844,POINT (-8.982994079589844 52.8443489074707),"(nan, nan)",399,['whale shark specific'],4
20,2020-03-09T17:40:50.000Z,,,45795007@N06,Pfuetzi,True,The Whale Shark,https://live.staticflickr.com/65535/49668575338_dee8c7ea26_b.jpg,TRUE,,"Ennis, Ireland","(52.8443489074707, -8.982994079589844)",52.8443489074707,-8.982994079589844,POINT (-8.982994079589844 52.8443489074707),"(nan, nan)",399,['whale shark specific'],4
21,2020-03-09T17:41:11.000Z,,,45795007@N06,Pfuetzi,True,The Whale Shark!,https://live.staticflickr.com/65535/49669087706_40744da507_b.jpg,TRUE,,"Ennis, Ireland","(52.8443489074707, -8.982994079589844)",52.8443489074707,-8.982994079589844,POINT (-8.982994079589844 52.8443489074707),"(nan, nan)",399,['whale shark specific'],4
22,2020-03-09T17:40:44.000Z,,,45795007@N06,Pfuetzi,True,Whale Shark,https://live.staticflickr.com/65535/49669435222_37a180dfd7_b.jpg,TRUE,,"Ennis, Ireland","(52.8443489074707, -8.982994079589844)",52.8443489074707,-8.982994079589844,POINT (-8.982994079589844 52.8443489074707),"(nan, nan)",399,['whale shark specific'],4
23,2019-12-26T14:35:44.000Z,,,160648359@N03,MJ-ATX,True,Atlanta Aquarium Turtle and Whale Shark 14,https://live.staticflickr.com/65535/49557797883_16729be3c2_b.jpg,FALSE,,"Austin, United States","(30.264978408813477, -97.74659729003906)",30.26497840881348,-97.74659729003906,POINT (-97.74659729003906 30.26497840881348),"(nan, nan)",399,['whale shark specific'],3
24,2019-12-26T14:27:33.000Z,,,160648359@N03,MJ-ATX,True,Atlanta Aquarium Whale Shark 13,https://live.staticflickr.com/65535/49558529307_1e8b5bd752_b.jpg,FALSE,,"Austin, United States","(30.264978408813477, -97.74659729003906)",30.26497840881348,-97.74659729003906,POINT (-97.74659729003906 30.26497840881348),"(nan, nan)",399,['whale shark specific'],3
25,2019-12-26T14:11:44.000Z,,,160648359@N03,MJ-ATX,True,Atlanta Aquarium Whale Shark 10,https://live.staticflickr.com/65535/49558530087_e3fb45b106_b.jpg,FALSE,,"Austin, United States","(30.264978408813477, -97.74659729003906)",30.26497840881348,-97.74659729003906,POINT (-97.74659729003906 30.26497840881348),"(nan, nan)",399,['whale shark specific'],3
26,2019-12-03T12:38:14.000Z,,,77465689@N00,edschonsett,True,2019-12-03 12.38.14 Whale Shark - Georgia Aquarium - Atlanta Georgia - 12-03-2019,https://live.staticflickr.com/65535/49415097501_2c17e65ae9_b.jpg,FALSE,,"Henderson, Nevada, USA","(36.034095764160156, -114.98445129394531)",36.03409576416016,-114.98445129394533,POINT (-114.9844512939453 36.03409576416016),"(nan, nan)",399,['whale shark specific'],19
27,2019-12-03T12:35:53.000Z,,,77465689@N00,edschonsett,True,2019-12-03 12.35.53 Whale Shark - Georgia Aquarium - Atlanta Georgia - 12-03-2019,https://live.staticflickr.com/65535/49415097656_369f9040f8_b.jpg,FALSE,,"Henderson, Nevada, USA","(36.034095764160156, -114.98445129394531)",36.03409576416016,-114.98445129394533,POINT (-114.9844512939453 36.03409576416016),"(nan, nan)",399,['whale shark specific'],19
28,2019-12-03T19:32:20.000Z,,,77465689@N00,edschonsett,True,2019-12-03 19.32.20 Whale Sharks - Georgia Aquarium - Atlanta Georgia - 12-03-2019,https://live.staticflickr.com/65535/49415087491_076013ddc9_b.jpg,FALSE,,"Henderson, Nevada, USA","(36.034095764160156, -114.98445129394531)",36.03409576416016,-114.98445129394533,POINT (-114.9844512939453 36.03409576416016),"(nan, nan)",399,['whale shark specific'],19
29,2019-12-03T12:34:07.000Z,,,77465689@N00,edschonsett,True,2019-12-03 12.34.07 Whale Shark - Georgia Aquarium - Atlanta Georgia - 12-03-2019,https://live.staticflickr.com/65535/49415304717_01c0f92347_b.jpg,FALSE,,"Henderson, Nevada, USA","(36.034095764160156, -114.98445129394531)",36.03409576416016,-114.98445129394533,POINT (-114.9844512939453 36.03409576416016),"(nan, nan)",399,['whale shark specific'],19
30,2019-12-03T19:33:45.000Z,,,77465689@N00,edschonsett,True,2019-12-03 19.33.45 Whale Shark - Georgia Aquarium - Atlanta Georgia - 12-03-2019,https://live.staticflickr.com/65535/49415294292_a3ae40a025_b.jpg,FALSE,,"Henderson, Nevada, USA","(36.034095764160156, -114.98445129394531)",36.03409576416016,-114.98445129394533,POINT (-114.9844512939453 36.03409576416016),"(nan, nan)",399,['whale shark specific'],19
31,2019-12-03T12:38:19.000Z,,,77465689@N00,edschonsett,True,2019-12-03 12.38.19 Whale Sharks - Georgia Aquarium - Atlanta Georgia - 12-03-2019,https://live.staticflickr.com/65535/49415303912_133a786f87_b.jpg,FALSE,,"Henderson, Nevada, USA","(36.034095764160156, -114.98445129394531)",36.03409576416016,-114.98445129394533,POINT (-114.9844512939453 36.03409576416016),"(nan, nan)",399,['whale shark specific'],19
32,2019-12-03T13:10:27.000Z,,,77465689@N00,edschonsett,True,2019-12-03 13.10.27 Whale Shark - Georgia Aquarium - Atlanta Georgia - 12-03-2019,https://live.staticflickr.com/65535/49415095081_14cfb3e995_b.jpg,FALSE,,"Henderson, Nevada, USA","(36.034095764160156, -114.98445129394531)",36.03409576416016,-114.98445129394533,POINT (-114.9844512939453 36.03409576416016),"(nan, nan)",399,['whale shark specific'],19
33,2019-12-04T02:34:02.000Z,,,77465689@N00,edschonsett,True,2116 Whale Shark - Georgia Aquarium - Atlanta Georgia - 12-03-2019,https://live.staticflickr.com/65535/49405597442_f8e73cb1bb_b.jpg,FALSE,,"Henderson, Nevada, USA","(36.034095764160156, -114.98445129394531)",36.03409576416016,-114.98445129394533,POINT (-114.9844512939453 36.03409576416016),"(nan, nan)",399,['whale shark specific'],19
34,2019-12-04T02:34:56.000Z,,,77465689@N00,edschonsett,True,2118 Whale Sharks - Georgia Aquarium - Atlanta Georgia - 12-03-2019,https://live.staticflickr.com/65535/49405597212_0244a74623_b.jpg,FALSE,,"Henderson, Nevada, USA","(36.034095764160156, -114.98445129394531)",36.03409576416016,-114.98445129394533,POINT (-114.9844512939453 36.03409576416016),"(nan, nan)",399,['whale shark specific'],19
35,2019-12-03T19:17:33.000Z,,,77465689@N00,edschonsett,True,1987 Whale shark - Georgia Aquarium - Atlanta Georgia - 12-03-2019,https://live.staticflickr.com/65535/49405071293_3af92abe27_b.jpg,FALSE,,"Henderson, Nevada, USA","(36.034095764160156, -114.98445129394531)",36.03409576416016,-114.98445129394533,POINT (-114.9844512939453 36.03409576416016),"(nan, nan)",399,['whale shark specific'],19
36,2019-12-03T19:40:36.000Z,,,77465689@N00,edschonsett,True,2010 Whale Shark - Georgia Aquarium - Atlanta Georgia - 12-03-2019,https://live.staticflickr.com/65535/49404951023_a4b84422b8_b.jpg,FALSE,,"Henderson, Nevada, USA","(36.034095764160156, -114.98445129394531)",36.03409576416016,-114.98445129394533,POINT (-114.9844512939453 36.03409576416016),"(nan, nan)",399,['whale shark specific'],19
37,2019-12-03T19:17:49.000Z,,,77465689@N00,edschonsett,True,1988 Whale shark - Georgia Aquarium - Atlanta Georgia - 12-03-2019,https://live.staticflickr.com/65535/49405555131_875dddc050_b.jpg,FALSE,,"Henderson, Nevada, USA","(36.034095764160156, -114.98445129394531)",36.03409576416016,-114.98445129394533,POINT (-114.9844512939453 36.03409576416016),"(nan, nan)",399,['whale shark specific'],19
38,2020-01-18T13:16:07.000Z,,,77465689@N00,edschonsett,True,2013 Whale Shark - Georgia Aquarium - Atlanta Georgia - 12-03-2019,https://live.staticflickr.com/31337/49404879018_a2bc48fb0c_b.jpg,FALSE,,"Henderson, Nevada, USA","(36.034095764160156, -114.98445129394531)",36.03409576416016,-114.98445129394533,POINT (-114.9844512939453 36.03409576416016),"(nan, nan)",399,['whale shark specific'],19
39,2019-12-04T02:38:32.000Z,,,77465689@N00,edschonsett,True,2119 Whale Shark - Georgia Aquarium - Atlanta Georgia - 12-03-2019,https://live.staticflickr.com/65535/49404917273_411951251a_b.jpg,FALSE,,"Henderson, Nevada, USA","(36.034095764160156, -114.98445129394531)",36.03409576416016,-114.98445129394533,POINT (-114.9844512939453 36.03409576416016),"(nan, nan)",399,['whale shark specific'],19
40,2019-12-04T03:00:11.000Z,,,77465689@N00,edschonsett,True,2120 Whale Shark - Georgia Aquarium - Atlanta Georgia - 12-03-2019,https://live.staticflickr.com/65535/49404916693_ca9abafe0b_b.jpg,FALSE,,"Henderson, Nevada, USA","(36.034095764160156, -114.98445129394531)",36.03409576416016,-114.98445129394533,POINT (-114.9844512939453 36.03409576416016),"(nan, nan)",399,['whale shark specific'],19
41,2019-12-03T19:35:18.000Z,,,77465689@N00,edschonsett,True,2004 Whale Sharks - Georgia Aquarium - Atlanta Georgia - 12-03-2019,https://live.staticflickr.com/65535/49405633072_f854257914_b.jpg,FALSE,,"Henderson, Nevada, USA","(36.034095764160156, -114.98445129394531)",36.03409576416016,-114.98445129394533,POINT (-114.9844512939453 36.03409576416016),"(nan, nan)",399,['whale shark specific'],19
42,2019-12-03T19:36:44.000Z,,,77465689@N00,edschonsett,True,2007 Whale Shark - Georgia Aquarium - Atlanta Georgia - 12-03-2019,https://live.staticflickr.com/65535/49404952098_8294d828d8_b.jpg,FALSE,,"Henderson, Nevada, USA","(36.034095764160156, -114.98445129394531)",36.03409576416016,-114.98445129394533,POINT (-114.9844512939453 36.03409576416016),"(nan, nan)",399,['whale shark specific'],19
43,2019-12-03T19:40:55.000Z,,,77465689@N00,edschonsett,True,2011 Whale Sharks - Georgia Aquarium - Atlanta Georgia - 12-03-2019,https://live.staticflickr.com/65535/49405630102_cc62e97600_b.jpg,FALSE,,"Henderson, Nevada, USA","(36.034095764160156, -114.98445129394531)",36.03409576416016,-114.98445129394533,POINT (-114.9844512939453 36.03409576416016),"(nan, nan)",399,['whale shark specific'],19
44,2019-12-03T19:40:58.000Z,,,77465689@N00,edschonsett,True,2012 Whale Sharks - Georgia Aquarium - Atlanta Georgia - 12-03-2019,https://live.staticflickr.com/65535/49404950358_b63c38c916_b.jpg,FALSE,,"Henderson, Nevada, USA","(36.034095764160156, -114.98445129394531)",36.03409576416016,-114.98445129394533,POINT (-114.9844512939453 36.03409576416016),"(nan, nan)",399,['whale shark specific'],19
45,2020-02-04T23:33:36.000Z,,,89700430@N08,Jozheg Tumanov (c),True,Whale shark ( Rhincodon typus),https://live.staticflickr.com/65535/49704794431_23bdfe4cab_b.jpg,unknown,,citizen of planet Earth,"(42.41969680786133, -71.08544158935547)",42.41969680786133,-71.08544158935547,POINT (-71.08544158935547 42.41969680786133),"(nan, nan)",399,['whale shark specific'],3
46,2020-02-04T23:32:38.000Z,,,89700430@N08,Jozheg Tumanov (c),True,Whale shark ( Rhincodon typus),https://live.staticflickr.com/65535/49561894282_37660d8443_b.jpg,unknown,,citizen of planet Earth,"(42.41969680786133, -71.08544158935547)",42.41969680786133,-71.08544158935547,POINT (-71.08544158935547 42.41969680786133),"(nan, nan)",399,['whale shark specific'],3
47,2020-02-04T23:21:28.000Z,,,89700430@N08,Jozheg Tumanov (c),True,Whale shark ( Rhincodon typus),https://live.staticflickr.com/65535/49711550028_d4e8f8e493_b.jpg,TRUE,,citizen of planet Earth,"(42.41969680786133, -71.08544158935547)",42.41969680786133,-71.08544158935547,POINT (-71.08544158935547 42.41969680786133),"(nan, nan)",399,['whale shark specific'],3
48,2020-02-16T10:35:45.000Z,,,11000760@N05,turkishraf,True,Whale sharks come towards me,https://live.staticflickr.com/65535/49588996428_8ba51a3c1b_b.jpg,TRUE,,United Kingdom,"(53.937076568603516, -2.5180160999298096)",53.93707656860352,-2.5180160999298096,POINT (-2.51801609992981 53.93707656860352),"(nan, nan)",399,['whale shark specific'],2
49,2020-02-17T12:00:14.000Z,,,11000760@N05,turkishraf,True,Long Ledge whale shark,https://live.staticflickr.com/65535/49588994983_6ba72a7b9b_b.jpg,TRUE,,United Kingdom,"(53.937076568603516, -2.5180160999298096)",53.93707656860352,-2.5180160999298096,POINT (-2.51801609992981 53.93707656860352),"(nan, nan)",399,['whale shark specific'],2
50,2019-12-07T14:49:13.000Z,,,10695339@N02,Jared Wilson,True,Whale Shark,https://live.staticflickr.com/31337/49184258628_be01cec10d_b.jpg,unknown,,"Deerfield, IL","(42.16731262207031, -87.84573364257812)",42.16731262207031,-87.84573364257812,POINT (-87.84573364257812 42.16731262207031),"(nan, nan)",399,['whale shark specific'],7
51,2019-11-28T17:36:42.000Z,,,10695339@N02,Jared Wilson,True,Whale Sharks,https://live.staticflickr.com/65535/49184264313_54b069a3e9_b.jpg,unknown,,"Deerfield, IL","(42.16731262207031, -87.84573364257812)",42.16731262207031,-87.84573364257812,POINT (-87.84573364257812 42.16731262207031),"(nan, nan)",399,['whale shark specific'],7
52,2019-11-28T17:43:43.000Z,,,10695339@N02,Jared Wilson,True,Whale Shark,https://live.staticflickr.com/65535/49184761791_3ed9b6775f_b.jpg,unknown,,"Deerfield, IL","(42.16731262207031, -87.84573364257812)",42.16731262207031,-87.84573364257812,POINT (-87.84573364257812 42.16731262207031),"(nan, nan)",399,['whale shark specific'],7
53,2019-11-28T17:47:18.000Z,,,10695339@N02,Jared Wilson,True,Whale Shark Close Up,https://live.staticflickr.com/65535/49181177476_814f10bac3_b.jpg,unknown,,"Deerfield, IL","(42.16731262207031, -87.84573364257812)",42.16731262207031,-87.84573364257812,POINT (-87.84573364257812 42.16731262207031),"(nan, nan)",399,['whale shark specific'],7
54,2019-11-28T17:35:12.000Z,,,10695339@N02,Jared Wilson,True,Whale Shark,https://live.staticflickr.com/65535/49184179438_98fe3e8b6d_b.jpg,unknown,,"Deerfield, IL","(42.16731262207031, -87.84573364257812)",42.16731262207031,-87.84573364257812,POINT (-87.84573364257812 42.16731262207031),"(nan, nan)",399,['whale shark specific'],7
55,2019-11-28T17:37:03.000Z,,,10695339@N02,Jared Wilson,True,Whale Shark,https://live.staticflickr.com/65535/49184676771_7c08f6b9d6_b.jpg,unknown,,"Deerfield, IL","(42.16731262207031, -87.84573364257812)",42.16731262207031,-87.84573364257812,POINT (-87.84573364257812 42.16731262207031),"(nan, nan)",399,['whale shark specific'],7
56,2019-11-28T17:46:36.000Z,,,10695339@N02,Jared Wilson,True,Whale Shark,https://live.staticflickr.com/65535/49180720147_9d4b6eae4f_b.jpg,unknown,,"Deerfield, IL","(42.16731262207031, -87.84573364257812)",42.16731262207031,-87.84573364257812,POINT (-87.84573364257812 42.16731262207031),"(nan, nan)",399,['whale shark specific'],7
57,2019-12-06T11:49:55.000Z,,,8287082@N04,tonyadcockphotos,True,Whale shark at the Georgia Aquarium,https://live.staticflickr.com/65535/49182617901_31e26fb6ec_b.jpg,FALSE,,Danville,"(36.58616638183594, -79.39523315429688)",36.58616638183594,-79.39523315429688,POINT (-79.39523315429688 36.58616638183594),"(nan, nan)",399,['whale shark specific'],1
58,2019-12-26T17:45:20.000Z,,,40243520@N02,www78,True,Ocean Voyager,https://live.staticflickr.com/65535/50197087473_4232a0e77b_b.jpg,FALSE,,"Sunnyvale, CA, United States","(37.37367630004883, -122.03657531738281)",37.37367630004883,-122.0365753173828,POINT (-122.0365753173828 37.37367630004883),"(nan, nan)",399,['whale shark specific'],2
59,2019-12-26T17:47:50.000Z,,,40243520@N02,www78,True,Whale Shark 2,https://live.staticflickr.com/65535/50197901987_ff364b4ed1_b.jpg,FALSE,,"Sunnyvale, CA, United States","(37.37367630004883, -122.03657531738281)",37.37367630004883,-122.0365753173828,POINT (-122.0365753173828 37.37367630004883),"(nan, nan)",399,['whale shark specific'],2
60,2020-07-23T10:18:25.000Z,,,189450335@N06,garyway,True,Whale Shark in the Philippines,https://live.staticflickr.com/65535/50144818356_8da1db8741_b.jpg,TRUE,,"London, United Kingdom","(51.500152587890625, -0.12623600661754608)",51.50015258789063,-0.126236006617546,POINT (-0.126236006617546 51.50015258789063),"(nan, nan)",399,['whale shark specific'],2
61,2019-06-06T15:51:29.000Z,,,28653983@N08,markgsmith,True,"Whale Shark - Rhincodon typus, Isla Mujeres, Mexico",https://live.staticflickr.com/65535/48302501517_1997f4eddd_b.jpg,TRUE,,London,"(51.500152587890625, -0.12623600661754608)",51.50015258789063,-0.126236006617546,POINT (-0.126236006617546 51.50015258789063),"(nan, nan)",399,['whale shark specific'],2
62,2019-11-21T12:52:58.000Z,,,14220155@N03,Roger T Wong,True,20191121-31-Whale shark compilation,https://live.staticflickr.com/31337/49099900531_1cc9d54463_b.jpg,FALSE,,"Hobart, Australia","(-42.880001068115234, 147.32000732421875)",-42.880001068115234,147.32000732421875,POINT (147.3200073242188 -42.88000106811523),"(nan, nan)",399,['whale shark specific'],11
63,2019-11-21T13:37:04.000Z,34.654508,135.428935,14220155@N03,Roger T Wong,True,20191121-13-Whale shark in Osaka Aquarium,https://live.staticflickr.com/65535/49100044037_c56b41f362_b.jpg,FALSE,,"Hobart, Australia","(-42.880001068115234, 147.32000732421875)",-42.880001068115234,147.32000732421875,POINT (147.3200073242188 -42.88000106811523),"(34.654508, 135.428935)",10,['whale shark specific'],11
64,2019-11-21T13:47:11.000Z,34.654508,135.428935,14220155@N03,Roger T Wong,True,20191121-23-Whale shark in Osaka Aquarium,https://live.staticflickr.com/65535/49099350008_7b6922065c_b.jpg,FALSE,,"Hobart, Australia","(-42.880001068115234, 147.32000732421875)",-42.880001068115234,147.32000732421875,POINT (147.3200073242188 -42.88000106811523),"(34.654508, 135.428935)",10,['whale shark specific'],11
65,2019-11-21T13:45:22.000Z,34.654508,135.428935,14220155@N03,Roger T Wong,True,20191121-21-Whale shark in Osaka Aquarium,https://live.staticflickr.com/65535/49099854311_a0e0215ab2_b.jpg,FALSE,,"Hobart, Australia","(-42.880001068115234, 147.32000732421875)",-42.880001068115234,147.32000732421875,POINT (147.3200073242188 -42.88000106811523),"(34.654508, 135.428935)",10,['whale shark specific'],11
66,2019-11-21T13:41:07.000Z,34.654508,135.428935,14220155@N03,Roger T Wong,True,20191121-17-Whale shark in Osaka Aquarium,https://live.staticflickr.com/65535/49100048602_bd90f6dd91_b.jpg,FALSE,,"Hobart, Australia","(-42.880001068115234, 147.32000732421875)",-42.880001068115234,147.32000732421875,POINT (147.3200073242188 -42.88000106811523),"(34.654508, 135.428935)",10,['whale shark specific'],11
67,2019-11-21T13:41:02.000Z,34.654508,135.428935,14220155@N03,Roger T Wong,True,20191121-16-Whale shark in Osaka Aquarium,https://live.staticflickr.com/65535/49099850171_d47f047bcc_b.jpg,FALSE,,"Hobart, Australia","(-42.880001068115234, 147.32000732421875)",-42.880001068115234,147.32000732421875,POINT (147.3200073242188 -42.88000106811523),"(34.654508, 135.428935)",10,['whale shark specific'],11
68,2019-11-21T13:37:08.000Z,34.654508,135.428935,14220155@N03,Roger T Wong,True,20191121-14-Whale shark in Osaka Aquarium,https://live.staticflickr.com/65535/49099341868_66cf227f9f_b.jpg,FALSE,,"Hobart, Australia","(-42.880001068115234, 147.32000732421875)",-42.880001068115234,147.32000732421875,POINT (147.3200073242188 -42.88000106811523),"(34.654508, 135.428935)",10,['whale shark specific'],11
69,2019-11-21T13:47:15.000Z,34.654508,135.428935,14220155@N03,Roger T Wong,True,20191121-24-Whale shark in Osaka Aquarium,https://live.staticflickr.com/65535/49099350903_2237bca914_b.jpg,FALSE,,"Hobart, Australia","(-42.880001068115234, 147.32000732421875)",-42.880001068115234,147.32000732421875,POINT (147.3200073242188 -42.88000106811523),"(34.654508, 135.428935)",10,['whale shark specific'],11
70,2019-11-21T13:43:06.000Z,34.654508,135.428935,14220155@N03,Roger T Wong,True,20191121-20-Whale shark in Osaka Aquarium,https://live.staticflickr.com/65535/49099853271_a52baeceb5_b.jpg,FALSE,,"Hobart, Australia","(-42.880001068115234, 147.32000732421875)",-42.880001068115234,147.32000732421875,POINT (147.3200073242188 -42.88000106811523),"(34.654508, 135.428935)",10,['whale shark specific'],11
71,2019-11-21T13:46:34.000Z,34.654508,135.428935,14220155@N03,Roger T Wong,True,20191121-22-Whale shark in Osaka Aquarium,https://live.staticflickr.com/65535/49099855296_f1924ca7e5_b.jpg,FALSE,,"Hobart, Australia","(-42.880001068115234, 147.32000732421875)",-42.880001068115234,147.32000732421875,POINT (147.3200073242188 -42.88000106811523),"(34.654508, 135.428935)",10,['whale shark specific'],11
72,2019-11-21T13:43:04.000Z,34.654508,135.428935,14220155@N03,Roger T Wong,True,20191121-19-Whale shark in Osaka Aquarium,https://live.staticflickr.com/65535/49100049527_7d2405c91d_b.jpg,FALSE,,"Hobart, Australia","(-42.880001068115234, 147.32000732421875)",-42.880001068115234,147.32000732421875,POINT (147.3200073242188 -42.88000106811523),"(34.654508, 135.428935)",10,['whale shark specific'],11
73,2019-11-11T00:08:32.000Z,,,48219127@N05,Kevin_YP,True,Oslob Whale Shark watching,https://live.staticflickr.com/65535/49066751493_f3bb83f875_b.jpg,TRUE,,"Tainan, Taiwan","(22.991621017456055, 120.1850357055664)",22.99162101745605,120.1850357055664,POINT (120.1850357055664 22.99162101745605),"(nan, nan)",399,['whale shark specific'],12
74,2019-11-11T00:08:33.000Z,,,48219127@N05,Kevin_YP,True,Oslob Whale Shark watching,https://live.staticflickr.com/65535/49067478877_e5ac0b8f32_b.jpg,TRUE,,"Tainan, Taiwan","(22.991621017456055, 120.1850357055664)",22.99162101745605,120.1850357055664,POINT (120.1850357055664 22.99162101745605),"(nan, nan)",399,['whale shark specific'],12
75,2019-11-11T00:08:34.000Z,,,48219127@N05,Kevin_YP,True,Oslob Whale Shark watching,https://live.staticflickr.com/65535/49066751403_b3e603bb43_b.jpg,TRUE,,"Tainan, Taiwan","(22.991621017456055, 120.1850357055664)",22.99162101745605,120.1850357055664,POINT (120.1850357055664 22.99162101745605),"(nan, nan)",399,['whale shark specific'],12
76,2019-11-11T00:08:36.000Z,,,48219127@N05,Kevin_YP,True,Oslob Whale Shark watching,https://live.staticflickr.com/65535/49066751393_084a13cb31_b.jpg,TRUE,,"Tainan, Taiwan","(22.991621017456055, 120.1850357055664)",22.99162101745605,120.1850357055664,POINT (120.1850357055664 22.99162101745605),"(nan, nan)",399,['whale shark specific'],12
77,2019-11-11T00:08:38.000Z,,,48219127@N05,Kevin_YP,True,Oslob Whale Shark watching,https://live.staticflickr.com/65535/49067270276_e24fb45408_b.jpg,TRUE,,"Tainan, Taiwan","(22.991621017456055, 120.1850357055664)",22.99162101745605,120.1850357055664,POINT (120.1850357055664 22.99162101745605),"(nan, nan)",399,['whale shark specific'],12
78,2019-11-11T00:08:37.000Z,,,48219127@N05,Kevin_YP,True,Oslob Whale Shark watching,https://live.staticflickr.com/65535/49067478662_2bd581aa12_b.jpg,TRUE,,"Tainan, Taiwan","(22.991621017456055, 120.1850357055664)",22.99162101745605,120.1850357055664,POINT (120.1850357055664 22.99162101745605),"(nan, nan)",399,['whale shark specific'],12
79,2019-11-11T00:08:39.000Z,,,48219127@N05,Kevin_YP,True,Oslob Whale Shark watching,https://live.staticflickr.com/65535/49066751293_7d42d6e6e3_b.jpg,TRUE,,"Tainan, Taiwan","(22.991621017456055, 120.1850357055664)",22.99162101745605,120.1850357055664,POINT (120.1850357055664 22.99162101745605),"(nan, nan)",399,['whale shark specific'],12
80,2019-11-11T00:08:35.000Z,,,48219127@N05,Kevin_YP,True,Oslob Whale Shark watching,https://live.staticflickr.com/65535/49066751128_94ba8a485a_b.jpg,TRUE,,"Tainan, Taiwan","(22.991621017456055, 120.1850357055664)",22.99162101745605,120.1850357055664,POINT (120.1850357055664 22.99162101745605),"(nan, nan)",399,['whale shark specific'],12
81,2019-11-11T00:08:41.000Z,,,48219127@N05,Kevin_YP,True,Oslob Whale Shark watching,https://live.staticflickr.com/65535/49067478437_352a22b587_b.jpg,TRUE,,"Tainan, Taiwan","(22.991621017456055, 120.1850357055664)",22.99162101745605,120.1850357055664,POINT (120.1850357055664 22.99162101745605),"(nan, nan)",399,['whale shark specific'],12
82,2019-11-11T00:08:30.000Z,,,48219127@N05,Kevin_YP,True,Oslob Whale Shark watching,https://live.staticflickr.com/65535/49066751663_e731530f38_b.jpg,TRUE,,"Tainan, Taiwan","(22.991621017456055, 120.1850357055664)",22.99162101745605,120.1850357055664,POINT (120.1850357055664 22.99162101745605),"(nan, nan)",399,['whale shark specific'],12
83,2019-11-11T00:08:31.000Z,,,48219127@N05,Kevin_YP,True,Oslob Whale Shark watching,https://live.staticflickr.com/65535/49067479022_b720cf2299_b.jpg,TRUE,,"Tainan, Taiwan","(22.991621017456055, 120.1850357055664)",22.99162101745605,120.1850357055664,POINT (120.1850357055664 22.99162101745605),"(nan, nan)",399,['whale shark specific'],12
84,2019-11-11T00:08:40.000Z,,,48219127@N05,Kevin_YP,True,Oslob Whale Shark watching,https://live.staticflickr.com/65535/49067270141_d013f28158_b.jpg,TRUE,,"Tainan, Taiwan","(22.991621017456055, 120.1850357055664)",22.99162101745605,120.1850357055664,POINT (120.1850357055664 22.99162101745605),"(nan, nan)",399,['whale shark specific'],12
85,2019-10-29T08:59:08.000Z,,,64937722@N00,Compassionate,True,GX013981.00_10_13_01.Still117,https://live.staticflickr.com/65535/48982793641_6b62ae7e30_b.jpg,TRUE,,"San Diego, CA, United States","(32.71575927734375, -117.163818359375)",32.71575927734375,-117.163818359375,POINT (-117.163818359375 32.71575927734375),"(nan, nan)",399,['whale shark specific'],90
86,2019-10-29T08:53:15.000Z,,,64937722@N00,Compassionate,True,GX013981.00_06_58_04.Still090,https://live.staticflickr.com/65535/48982985982_bbe2b15e79_b.jpg,TRUE,,"San Diego, CA, United States","(32.71575927734375, -117.163818359375)",32.71575927734375,-117.163818359375,POINT (-117.163818359375 32.71575927734375),"(nan, nan)",399,['whale shark specific'],90
87,2019-10-29T08:59:46.000Z,,,64937722@N00,Compassionate,True,GX013981.00_10_22_21.Still122,https://live.staticflickr.com/65535/48982983852_85b6994648_b.jpg,TRUE,,"San Diego, CA, United States","(32.71575927734375, -117.163818359375)",32.71575927734375,-117.163818359375,POINT (-117.163818359375 32.71575927734375),"(nan, nan)",399,['whale shark specific'],90
88,2019-10-29T10:10:44.000Z,,,64937722@N00,Compassionate,True,GOPR0730.00_00_46_09.Still011,https://live.staticflickr.com/65535/48982978142_7b25897526_b.jpg,TRUE,,"San Diego, CA, United States","(32.71575927734375, -117.163818359375)",32.71575927734375,-117.163818359375,POINT (-117.163818359375 32.71575927734375),"(nan, nan)",399,['whale shark specific'],90
89,2019-10-29T10:39:04.000Z,,,64937722@N00,Compassionate,True,GOPR0730.00_12_56_25.Still076,https://live.staticflickr.com/65535/48982976237_9d252296e0_b.jpg,TRUE,,"San Diego, CA, United States","(32.71575927734375, -117.163818359375)",32.71575927734375,-117.163818359375,POINT (-117.163818359375 32.71575927734375),"(nan, nan)",399,['whale shark specific'],90
90,2019-10-29T08:38:09.000Z,,,64937722@N00,Compassionate,True,GX013981.00_01_01_28.Still026,https://live.staticflickr.com/65535/48982975162_ff0a7e455c_b.jpg,TRUE,,"San Diego, CA, United States","(32.71575927734375, -117.163818359375)",32.71575927734375,-117.163818359375,POINT (-117.163818359375 32.71575927734375),"(nan, nan)",399,['whale shark specific'],90
91,2019-10-29T08:42:57.000Z,,,64937722@N00,Compassionate,True,GX013981.00_02_56_18.Still042,https://live.staticflickr.com/65535/48982784051_b93b5ea3b4_b.jpg,TRUE,,"San Diego, CA, United States","(32.71575927734375, -117.163818359375)",32.71575927734375,-117.163818359375,POINT (-117.163818359375 32.71575927734375),"(nan, nan)",399,['whale shark specific'],90
92,2019-10-29T08:43:37.000Z,,,64937722@N00,Compassionate,True,GX013981.00_03_13_24.Still044,https://live.staticflickr.com/65535/48982974482_971e6d7e9e_b.jpg,TRUE,,"San Diego, CA, United States","(32.71575927734375, -117.163818359375)",32.71575927734375,-117.163818359375,POINT (-117.163818359375 32.71575927734375),"(nan, nan)",399,['whale shark specific'],90
93,2019-10-29T08:44:47.000Z,,,64937722@N00,Compassionate,True,GX013981.00_03_24_23.Still046,https://live.staticflickr.com/65535/48982974412_d28510144b_b.jpg,TRUE,,"San Diego, CA, United States","(32.71575927734375, -117.163818359375)",32.71575927734375,-117.163818359375,POINT (-117.163818359375 32.71575927734375),"(nan, nan)",399,['whale shark specific'],90
94,2019-10-29T08:44:47.000Z,,,64937722@N00,Compassionate,True,GX013981.00_03_24_23.Still046-2,https://live.staticflickr.com/65535/48982974387_27d13c75a1_b.jpg,TRUE,,"San Diego, CA, United States","(32.71575927734375, -117.163818359375)",32.71575927734375,-117.163818359375,POINT (-117.163818359375 32.71575927734375),"(nan, nan)",399,['whale shark specific'],90
95,2019-10-29T08:45:52.000Z,,,64937722@N00,Compassionate,True,GX013981.00_03_48_01.Still054,https://live.staticflickr.com/65535/48982223563_9d1fd0f642_b.jpg,TRUE,,"San Diego, CA, United States","(32.71575927734375, -117.163818359375)",32.71575927734375,-117.163818359375,POINT (-117.163818359375 32.71575927734375),"(nan, nan)",399,['whale shark specific'],90
96,2019-10-29T08:46:20.000Z,,,64937722@N00,Compassionate,True,GX013981.00_04_01_02.Still057,https://live.staticflickr.com/65535/48982223473_293e1ece3c_b.jpg,TRUE,,"San Diego, CA, United States","(32.71575927734375, -117.163818359375)",32.71575927734375,-117.163818359375,POINT (-117.163818359375 32.71575927734375),"(nan, nan)",399,['whale shark specific'],90
97,2019-10-29T08:46:47.000Z,,,64937722@N00,Compassionate,True,GX013981.00_04_10_15.Still060,https://live.staticflickr.com/65535/48982973982_8e6845d4c5_b.jpg,TRUE,,"San Diego, CA, United States","(32.71575927734375, -117.163818359375)",32.71575927734375,-117.163818359375,POINT (-117.163818359375 32.71575927734375),"(nan, nan)",399,['whale shark specific'],90
98,2019-10-29T08:47:43.000Z,,,64937722@N00,Compassionate,True,GX013981.00_04_41_10.Still066,https://live.staticflickr.com/65535/48982783201_d2715fbd35_b.jpg,TRUE,,"San Diego, CA, United States","(32.71575927734375, -117.163818359375)",32.71575927734375,-117.163818359375,POINT (-117.163818359375 32.71575927734375),"(nan, nan)",399,['whale shark specific'],90
99,2019-10-29T08:50:49.000Z,,,64937722@N00,Compassionate,True,GX013981.00_05_55_06.Still076,https://live.staticflickr.com/65535/48982222988_bceda82f2f_b.jpg,TRUE,,"San Diego, CA, United States","(32.71575927734375, -117.163818359375)",32.71575927734375,-117.163818359375,POINT (-117.163818359375 32.71575927734375),"(nan, nan)",399,['whale shark specific'],90
100,2019-10-29T08:52:04.000Z,,,64937722@N00,Compassionate,True,GX013981.00_06_32_25.Still083,https://live.staticflickr.com/65535/48982222783_82d2fd51e5_b.jpg,TRUE,,"San Diego, CA, United States","(32.71575927734375, -117.163818359375)",32.71575927734375,-117.163818359375,POINT (-117.163818359375 32.71575927734375),"(nan, nan)",399,['whale shark specific'],90
101,2019-10-29T08:52:26.000Z,,,64937722@N00,Compassionate,True,GX013981.00_06_43_11.Still086,https://live.staticflickr.com/65535/48982782641_d15a7a141c_b.jpg,TRUE,,"San Diego, CA, United States","(32.71575927734375, -117.163818359375)",32.71575927734375,-117.163818359375,POINT (-117.163818359375 32.71575927734375),"(nan, nan)",399,['whale shark specific'],90
102,2019-10-29T08:59:28.000Z,,,64937722@N00,Compassionate,True,GX013981.00_10_19_15.Still121,https://live.staticflickr.com/65535/48982222438_7ae6a76873_b.jpg,TRUE,,"San Diego, CA, United States","(32.71575927734375, -117.163818359375)",32.71575927734375,-117.163818359375,POINT (-117.163818359375 32.71575927734375),"(nan, nan)",399,['whale shark specific'],90
103,2019-10-29T10:09:34.000Z,,,64937722@N00,Compassionate,True,GOPR0730.00_00_09_19.Still003,https://live.staticflickr.com/65535/48982781706_5a887baa45_b.jpg,TRUE,,"San Diego, CA, United States","(32.71575927734375, -117.163818359375)",32.71575927734375,-117.163818359375,POINT (-117.163818359375 32.71575927734375),"(nan, nan)",399,['whale shark specific'],90
104,2019-10-29T10:38:46.000Z,,,64937722@N00,Compassionate,True,GOPR0730.00_12_32_25.Still075,https://live.staticflickr.com/65535/48982781416_bbf3ea7599_b.jpg,TRUE,,"San Diego, CA, United States","(32.71575927734375, -117.163818359375)",32.71575927734375,-117.163818359375,POINT (-117.163818359375 32.71575927734375),"(nan, nan)",399,['whale shark specific'],90
105,2019-10-29T08:58:56.000Z,,,64937722@N00,Compassionate,True,GX013981.00_10_08_18.Still115,https://live.staticflickr.com/65535/48982233613_8597db2b96_b.jpg,TRUE,,"San Diego, CA, United States","(32.71575927734375, -117.163818359375)",32.71575927734375,-117.163818359375,POINT (-117.163818359375 32.71575927734375),"(nan, nan)",399,['whale shark specific'],90
106,2019-10-29T08:59:15.000Z,,,64937722@N00,Compassionate,True,GX013981.00_10_17_12.Still118,https://live.staticflickr.com/65535/48982233268_230c0603f1_b.jpg,TRUE,,"San Diego, CA, United States","(32.71575927734375, -117.163818359375)",32.71575927734375,-117.163818359375,POINT (-117.163818359375 32.71575927734375),"(nan, nan)",399,['whale shark specific'],90
107,2019-10-29T08:59:55.000Z,,,64937722@N00,Compassionate,True,GX013981.00_10_23_29.Still123,https://live.staticflickr.com/65535/48982232958_790f40fc53_b.jpg,TRUE,,"San Diego, CA, United States","(32.71575927734375, -117.163818359375)",32.71575927734375,-117.163818359375,POINT (-117.163818359375 32.71575927734375),"(nan, nan)",399,['whale shark specific'],90
108,2019-10-29T09:04:28.000Z,,,64937722@N00,Compassionate,True,GX013981.00_12_34_17.Still152,https://live.staticflickr.com/65535/48982792301_7582aa22bf_b.jpg,TRUE,,"San Diego, CA, United States","(32.71575927734375, -117.163818359375)",32.71575927734375,-117.163818359375,POINT (-117.163818359375 32.71575927734375),"(nan, nan)",399,['whale shark specific'],90
109,2019-10-29T10:09:24.000Z,,,64937722@N00,Compassionate,True,GOPR0730.00_00_03_08.Still002,https://live.staticflickr.com/65535/48982787701_8b803a18af_b.jpg,TRUE,,"San Diego, CA, United States","(32.71575927734375, -117.163818359375)",32.71575927734375,-117.163818359375,POINT (-117.163818359375 32.71575927734375),"(nan, nan)",399,['whale shark specific'],90
110,2019-10-29T10:09:45.000Z,,,64937722@N00,Compassionate,True,GOPR0730.00_00_17_18.Still004,https://live.staticflickr.com/65535/48982227708_908e407ae6_b.jpg,TRUE,,"San Diego, CA, United States","(32.71575927734375, -117.163818359375)",32.71575927734375,-117.163818359375,POINT (-117.163818359375 32.71575927734375),"(nan, nan)",399,['whale shark specific'],90
111,2019-10-29T10:21:44.000Z,,,64937722@N00,Compassionate,True,GOPR0730.00_06_33_23.Still037,https://live.staticflickr.com/65535/48982977297_8e73d5e047_b.jpg,TRUE,,"San Diego, CA, United States","(32.71575927734375, -117.163818359375)",32.71575927734375,-117.163818359375,POINT (-117.163818359375 32.71575927734375),"(nan, nan)",399,['whale shark specific'],90
112,2019-10-29T10:39:42.000Z,,,64937722@N00,Compassionate,True,GOPR0730.00_13_09_28.Still078,https://live.staticflickr.com/65535/48982225703_3f926df5b7_b.jpg,FALSE,,"San Diego, CA, United States","(32.71575927734375, -117.163818359375)",32.71575927734375,-117.163818359375,POINT (-117.163818359375 32.71575927734375),"(nan, nan)",399,['whale shark specific'],90
113,2019-10-29T08:39:12.000Z,,,64937722@N00,Compassionate,True,GX013981.00_01_46_00.Still031,https://live.staticflickr.com/65535/48982974982_deed0ca301_b.jpg,TRUE,,"San Diego, CA, United States","(32.71575927734375, -117.163818359375)",32.71575927734375,-117.163818359375,POINT (-117.163818359375 32.71575927734375),"(nan, nan)",399,['whale shark specific'],90
114,2019-10-29T08:45:03.000Z,,,64937722@N00,Compassionate,True,GX013981.00_03_27_08.Still048,https://live.staticflickr.com/65535/48982223813_11521452c3_b.jpg,TRUE,,"San Diego, CA, United States","(32.71575927734375, -117.163818359375)",32.71575927734375,-117.163818359375,POINT (-117.163818359375 32.71575927734375),"(nan, nan)",399,['whale shark specific'],90
115,2019-10-29T08:46:08.000Z,,,64937722@N00,Compassionate,True,GX013981.00_03_56_11.Still055,https://live.staticflickr.com/65535/48982223528_0915cb4930_b.jpg,TRUE,,"San Diego, CA, United States","(32.71575927734375, -117.163818359375)",32.71575927734375,-117.163818359375,POINT (-117.163818359375 32.71575927734375),"(nan, nan)",399,['whale shark specific'],90
116,2019-10-29T08:46:38.000Z,,,64937722@N00,Compassionate,True,GX013981.00_04_08_03.Still059,https://live.staticflickr.com/65535/48982223398_9812830a3b_b.jpg,TRUE,,"San Diego, CA, United States","(32.71575927734375, -117.163818359375)",32.71575927734375,-117.163818359375,POINT (-117.163818359375 32.71575927734375),"(nan, nan)",399,['whale shark specific'],90
117,2019-10-29T08:46:26.000Z,,,64937722@N00,Compassionate,True,GX013981.00_04_02_02.Still058,https://live.staticflickr.com/65535/48982783466_266852076b_b.jpg,TRUE,,"San Diego, CA, United States","(32.71575927734375, -117.163818359375)",32.71575927734375,-117.163818359375,POINT (-117.163818359375 32.71575927734375),"(nan, nan)",399,['whale shark specific'],90
118,2019-10-29T08:46:59.000Z,,,64937722@N00,Compassionate,True,GX013981.00_04_18_25.Still061,https://live.staticflickr.com/65535/48982223353_89b2f90da5_b.jpg,TRUE,,"San Diego, CA, United States","(32.71575927734375, -117.163818359375)",32.71575927734375,-117.163818359375,POINT (-117.163818359375 32.71575927734375),"(nan, nan)",399,['whale shark specific'],90
119,2019-10-29T08:58:34.000Z,,,64937722@N00,Compassionate,True,GX013981.00_09_56_05.Still112,https://live.staticflickr.com/65535/48982793956_d42d0e7524_b.jpg,TRUE,,"San Diego, CA, United States","(32.71575927734375, -117.163818359375)",32.71575927734375,-117.163818359375,POINT (-117.163818359375 32.71575927734375),"(nan, nan)",399,['whale shark specific'],90
120,2019-10-29T08:58:52.000Z,,,64937722@N00,Compassionate,True,GX013981.00_10_07_17.Still114,https://live.staticflickr.com/65535/48982793896_682d66f47d_b.jpg,TRUE,,"San Diego, CA, United States","(32.71575927734375, -117.163818359375)",32.71575927734375,-117.163818359375,POINT (-117.163818359375 32.71575927734375),"(nan, nan)",399,['whale shark specific'],90
121,2019-10-29T10:10:05.000Z,,,64937722@N00,Compassionate,True,GOPR0730.00_00_26_28.Still007,https://live.staticflickr.com/65535/48982787641_14bf1677a6_b.jpg,TRUE,,"San Diego, CA, United States","(32.71575927734375, -117.163818359375)",32.71575927734375,-117.163818359375,POINT (-117.163818359375 32.71575927734375),"(nan, nan)",399,['whale shark specific'],90
122,2019-10-29T10:10:09.000Z,,,64937722@N00,Compassionate,True,GOPR0730.00_00_27_29.Still008,https://live.staticflickr.com/65535/48982978212_f272d94923_b.jpg,TRUE,,"San Diego, CA, United States","(32.71575927734375, -117.163818359375)",32.71575927734375,-117.163818359375,POINT (-117.163818359375 32.71575927734375),"(nan, nan)",399,['whale shark specific'],90
123,2019-10-29T10:19:17.000Z,,,64937722@N00,Compassionate,True,GOPR0730.00_05_04_01.Still030,https://live.staticflickr.com/65535/48982787001_148e35203c_b.jpg,TRUE,,"San Diego, CA, United States","(32.71575927734375, -117.163818359375)",32.71575927734375,-117.163818359375,POINT (-117.163818359375 32.71575927734375),"(nan, nan)",399,['whale shark specific'],90
124,2019-10-29T10:21:27.000Z,,,64937722@N00,Compassionate,True,GOPR0730.00_06_27_10.Still035,https://live.staticflickr.com/65535/48982977407_8c4939951e_b.jpg,TRUE,,"San Diego, CA, United States","(32.71575927734375, -117.163818359375)",32.71575927734375,-117.163818359375,POINT (-117.163818359375 32.71575927734375),"(nan, nan)",399,['whale shark specific'],90
125,2019-10-29T10:21:34.000Z,,,64937722@N00,Compassionate,True,GOPR0730.00_06_29_02.Still036,https://live.staticflickr.com/65535/48982977372_ea2b8db6c6_b.jpg,TRUE,,"San Diego, CA, United States","(32.71575927734375, -117.163818359375)",32.71575927734375,-117.163818359375,POINT (-117.163818359375 32.71575927734375),"(nan, nan)",399,['whale shark specific'],90
126,2019-10-29T10:22:22.000Z,,,64937722@N00,Compassionate,True,GOPR0730.00_06_42_15.Still039,https://live.staticflickr.com/65535/48982786651_3e7cc36fd8_b.jpg,TRUE,,"San Diego, CA, United States","(32.71575927734375, -117.163818359375)",32.71575927734375,-117.163818359375,POINT (-117.163818359375 32.71575927734375),"(nan, nan)",399,['whale shark specific'],90
127,2019-10-29T10:22:29.000Z,,,64937722@N00,Compassionate,True,GOPR0730.00_06_43_11.Still040,https://live.staticflickr.com/65535/48982977182_863e9c811f_b.jpg,TRUE,,"San Diego, CA, United States","(32.71575927734375, -117.163818359375)",32.71575927734375,-117.163818359375,POINT (-117.163818359375 32.71575927734375),"(nan, nan)",399,['whale shark specific'],90
128,2019-10-29T08:39:35.000Z,,,64937722@N00,Compassionate,True,GX013981.00_01_59_16.Still033,https://live.staticflickr.com/65535/48982784496_7213db6278_b.jpg,TRUE,,"San Diego, CA, United States","(32.71575927734375, -117.163818359375)",32.71575927734375,-117.163818359375,POINT (-117.163818359375 32.71575927734375),"(nan, nan)",399,['whale shark specific'],90
129,2019-10-29T08:40:14.000Z,,,64937722@N00,Compassionate,True,GX013981.00_02_18_09.Still036,https://live.staticflickr.com/65535/48982224203_6e0f4d7ee7_b.jpg,TRUE,,"San Diego, CA, United States","(32.71575927734375, -117.163818359375)",32.71575927734375,-117.163818359375,POINT (-117.163818359375 32.71575927734375),"(nan, nan)",399,['whale shark specific'],90
130,2019-10-29T08:42:21.000Z,,,64937722@N00,Compassionate,True,GX013981.00_02_47_26.Still040,https://live.staticflickr.com/65535/48982784116_0ff65e90e5_b.jpg,TRUE,,"San Diego, CA, United States","(32.71575927734375, -117.163818359375)",32.71575927734375,-117.163818359375,POINT (-117.163818359375 32.71575927734375),"(nan, nan)",399,['whale shark specific'],90
131,2019-10-29T08:43:15.000Z,,,64937722@N00,Compassionate,True,GX013981.00_03_05_17.Still043,https://live.staticflickr.com/65535/48982974542_854ccfed2f_b.jpg,TRUE,,"San Diego, CA, United States","(32.71575927734375, -117.163818359375)",32.71575927734375,-117.163818359375,POINT (-117.163818359375 32.71575927734375),"(nan, nan)",399,['whale shark specific'],90
132,2019-10-29T08:44:56.000Z,,,64937722@N00,Compassionate,True,GX013981.00_03_25_08.Still047,https://live.staticflickr.com/65535/48982974377_bf623ab576_b.jpg,TRUE,,"San Diego, CA, United States","(32.71575927734375, -117.163818359375)",32.71575927734375,-117.163818359375,POINT (-117.163818359375 32.71575927734375),"(nan, nan)",399,['whale shark specific'],90
133,2019-10-29T08:45:22.000Z,,,64937722@N00,Compassionate,True,GX013981.00_03_33_02.Still050,https://live.staticflickr.com/65535/48982974272_5029a114e2_b.jpg,TRUE,,"San Diego, CA, United States","(32.71575927734375, -117.163818359375)",32.71575927734375,-117.163818359375,POINT (-117.163818359375 32.71575927734375),"(nan, nan)",399,['whale shark specific'],90
134,2019-10-29T08:47:20.000Z,,,64937722@N00,Compassionate,True,GX013981.00_04_28_12.Still064,https://live.staticflickr.com/65535/48982973892_91078150af_b.jpg,TRUE,,"San Diego, CA, United States","(32.71575927734375, -117.163818359375)",32.71575927734375,-117.163818359375,POINT (-117.163818359375 32.71575927734375),"(nan, nan)",399,['whale shark specific'],90
135,2019-10-29T08:51:43.000Z,,,64937722@N00,Compassionate,True,GX013981.00_06_19_28.Still081,https://live.staticflickr.com/65535/48982222813_2323f966cd_b.jpg,TRUE,,"San Diego, CA, United States","(32.71575927734375, -117.163818359375)",32.71575927734375,-117.163818359375,POINT (-117.163818359375 32.71575927734375),"(nan, nan)",399,['whale shark specific'],90
136,2019-10-29T08:52:14.000Z,,,64937722@N00,Compassionate,True,GX013981.00_06_36_15.Still084,https://live.staticflickr.com/65535/48982222738_559d07cfaf_b.jpg,TRUE,,"San Diego, CA, United States","(32.71575927734375, -117.163818359375)",32.71575927734375,-117.163818359375,POINT (-117.163818359375 32.71575927734375),"(nan, nan)",399,['whale shark specific'],90
137,2019-10-29T08:48:22.000Z,,,64937722@N00,Compassionate,True,GX013981.00_04_57_04.Still070,https://live.staticflickr.com/65535/48982973737_702a6c1f2b_b.jpg,TRUE,,"San Diego, CA, United States","(32.71575927734375, -117.163818359375)",32.71575927734375,-117.163818359375,POINT (-117.163818359375 32.71575927734375),"(nan, nan)",399,['whale shark specific'],90
138,2019-10-29T08:49:44.000Z,,,64937722@N00,Compassionate,True,GX013981.00_05_35_04.Still075,https://live.staticflickr.com/65535/48982782986_4773590ca3_b.jpg,TRUE,,"San Diego, CA, United States","(32.71575927734375, -117.163818359375)",32.71575927734375,-117.163818359375,POINT (-117.163818359375 32.71575927734375),"(nan, nan)",399,['whale shark specific'],90
139,2019-10-29T08:51:38.000Z,,,64937722@N00,Compassionate,True,GX013981.00_06_18_02.Still080,https://live.staticflickr.com/65535/48982782851_ae71678221_b.jpg,TRUE,,"San Diego, CA, United States","(32.71575927734375, -117.163818359375)",32.71575927734375,-117.163818359375,POINT (-117.163818359375 32.71575927734375),"(nan, nan)",399,['whale shark specific'],90
140,2019-10-29T08:52:23.000Z,,,64937722@N00,Compassionate,True,GX013981.00_06_42_16.Still085,https://live.staticflickr.com/65535/48982973277_17ac37fcca_b.jpg,TRUE,,"San Diego, CA, United States","(32.71575927734375, -117.163818359375)",32.71575927734375,-117.163818359375,POINT (-117.163818359375 32.71575927734375),"(nan, nan)",399,['whale shark specific'],90
141,2019-10-29T08:58:43.000Z,,,64937722@N00,Compassionate,True,GX013981.00_10_01_25.Still113,https://live.staticflickr.com/65535/48982973117_9a6ffab2e1_b.jpg,TRUE,,"San Diego, CA, United States","(32.71575927734375, -117.163818359375)",32.71575927734375,-117.163818359375,POINT (-117.163818359375 32.71575927734375),"(nan, nan)",399,['whale shark specific'],90
142,2019-10-29T08:58:22.000Z,,,64937722@N00,Compassionate,True,GX013981.00_09_49_11.Still111,https://live.staticflickr.com/65535/48982233853_4d9e2d1a37_b.jpg,TRUE,,"San Diego, CA, United States","(32.71575927734375, -117.163818359375)",32.71575927734375,-117.163818359375,POINT (-117.163818359375 32.71575927734375),"(nan, nan)",399,['whale shark specific'],90
143,2019-10-29T08:59:00.000Z,,,64937722@N00,Compassionate,True,GX013981.00_10_09_13.Still116,https://live.staticflickr.com/65535/48982233523_e8d30f56a0_b.jpg,TRUE,,"San Diego, CA, United States","(32.71575927734375, -117.163818359375)",32.71575927734375,-117.163818359375,POINT (-117.163818359375 32.71575927734375),"(nan, nan)",399,['whale shark specific'],90
144,2019-10-29T09:06:32.000Z,,,64937722@N00,Compassionate,True,GX013981.00_13_47_21.Still158,https://live.staticflickr.com/65535/48982231908_6166918e03_b.jpg,TRUE,,"San Diego, CA, United States","(32.71575927734375, -117.163818359375)",32.71575927734375,-117.163818359375,POINT (-117.163818359375 32.71575927734375),"(nan, nan)",399,['whale shark specific'],90
145,2019-10-29T09:07:30.000Z,,,64937722@N00,Compassionate,True,GX013981.00_14_14_24.Still161,https://live.staticflickr.com/65535/48982982657_c4e0b23f39_b.jpg,TRUE,,"San Diego, CA, United States","(32.71575927734375, -117.163818359375)",32.71575927734375,-117.163818359375,POINT (-117.163818359375 32.71575927734375),"(nan, nan)",399,['whale shark specific'],90
146,2019-10-29T10:10:16.000Z,,,64937722@N00,Compassionate,True,GOPR0730.00_00_30_10.Still009,https://live.staticflickr.com/65535/48982787541_a820deddb6_b.jpg,TRUE,,"San Diego, CA, United States","(32.71575927734375, -117.163818359375)",32.71575927734375,-117.163818359375,POINT (-117.163818359375 32.71575927734375),"(nan, nan)",399,['whale shark specific'],90
147,2019-10-29T10:11:02.000Z,,,64937722@N00,Compassionate,True,GOPR0730.00_00_56_25.Still012,https://live.staticflickr.com/65535/48982787446_f9dd7c3931_b.jpg,TRUE,,"San Diego, CA, United States","(32.71575927734375, -117.163818359375)",32.71575927734375,-117.163818359375,POINT (-117.163818359375 32.71575927734375),"(nan, nan)",399,['whale shark specific'],90
148,2019-10-29T10:19:53.000Z,,,64937722@N00,Compassionate,True,GOPR0730.00_05_28_00.Still032,https://live.staticflickr.com/65535/48982226983_35d5a56c38_b.jpg,TRUE,,"San Diego, CA, United States","(32.71575927734375, -117.163818359375)",32.71575927734375,-117.163818359375,POINT (-117.163818359375 32.71575927734375),"(nan, nan)",399,['whale shark specific'],90
149,2019-10-29T10:20:59.000Z,,,64937722@N00,Compassionate,True,GOPR0730.00_06_11_29.Still034,https://live.staticflickr.com/65535/48982226903_7067f55cf0_b.jpg,TRUE,,"San Diego, CA, United States","(32.71575927734375, -117.163818359375)",32.71575927734375,-117.163818359375,POINT (-117.163818359375 32.71575927734375),"(nan, nan)",399,['whale shark specific'],90
150,2019-10-29T10:21:54.000Z,,,64937722@N00,Compassionate,True,GOPR0730.00_06_38_13.Still038,https://live.staticflickr.com/65535/48982786686_eb9d799cf9_b.jpg,TRUE,,"San Diego, CA, United States","(32.71575927734375, -117.163818359375)",32.71575927734375,-117.163818359375,POINT (-117.163818359375 32.71575927734375),"(nan, nan)",399,['whale shark specific'],90
151,2019-10-29T10:35:16.000Z,,,64937722@N00,Compassionate,True,GOPR0730.00_10_21_12.Still068,https://live.staticflickr.com/65535/48982976462_cdd084a1a4_b.jpg,TRUE,,"San Diego, CA, United States","(32.71575927734375, -117.163818359375)",32.71575927734375,-117.163818359375,POINT (-117.163818359375 32.71575927734375),"(nan, nan)",399,['whale shark specific'],90
152,2019-10-29T10:35:53.000Z,,,64937722@N00,Compassionate,True,GOPR0730.00_10_46_28.Still070,https://live.staticflickr.com/65535/48982785941_a6336acfa0_b.jpg,TRUE,,"San Diego, CA, United States","(32.71575927734375, -117.163818359375)",32.71575927734375,-117.163818359375,POINT (-117.163818359375 32.71575927734375),"(nan, nan)",399,['whale shark specific'],90
153,2019-10-29T10:35:33.000Z,,,64937722@N00,Compassionate,True,GOPR0730.00_10_30_01.Still069,https://live.staticflickr.com/65535/48982976442_b1f6fb1f44_b.jpg,TRUE,,"San Diego, CA, United States","(32.71575927734375, -117.163818359375)",32.71575927734375,-117.163818359375,POINT (-117.163818359375 32.71575927734375),"(nan, nan)",399,['whale shark specific'],90
154,2019-10-29T10:39:19.000Z,,,64937722@N00,Compassionate,True,GOPR0730.00_12_59_17.Still077,https://live.staticflickr.com/65535/48982976207_f6a3d42d1d_b.jpg,TRUE,,"San Diego, CA, United States","(32.71575927734375, -117.163818359375)",32.71575927734375,-117.163818359375,POINT (-117.163818359375 32.71575927734375),"(nan, nan)",399,['whale shark specific'],90
155,2019-10-29T08:38:29.000Z,,,64937722@N00,Compassionate,True,GX013981.00_01_13_03.Still028,https://live.staticflickr.com/65535/48982784611_4f473108b7_b.jpg,TRUE,,"San Diego, CA, United States","(32.71575927734375, -117.163818359375)",32.71575927734375,-117.163818359375,POINT (-117.163818359375 32.71575927734375),"(nan, nan)",399,['whale shark specific'],90
156,2019-10-29T08:40:34.000Z,,,64937722@N00,Compassionate,True,GX013981.00_02_30_28.Still037,https://live.staticflickr.com/65535/48982784216_26d808fc14_b.jpg,TRUE,,"San Diego, CA, United States","(32.71575927734375, -117.163818359375)",32.71575927734375,-117.163818359375,POINT (-117.163818359375 32.71575927734375),"(nan, nan)",399,['whale shark specific'],90
157,2019-10-29T08:40:46.000Z,,,64937722@N00,Compassionate,True,GX013981.00_02_36_18.Still038,https://live.staticflickr.com/65535/48982784186_c471ececf7_b.jpg,TRUE,,"San Diego, CA, United States","(32.71575927734375, -117.163818359375)",32.71575927734375,-117.163818359375,POINT (-117.163818359375 32.71575927734375),"(nan, nan)",399,['whale shark specific'],90
158,2019-10-29T08:43:55.000Z,,,64937722@N00,Compassionate,True,GX013981.00_03_23_09.Still045,https://live.staticflickr.com/65535/48982783946_eb95f50896_b.jpg,TRUE,,"San Diego, CA, United States","(32.71575927734375, -117.163818359375)",32.71575927734375,-117.163818359375,POINT (-117.163818359375 32.71575927734375),"(nan, nan)",399,['whale shark specific'],90
159,2019-10-29T08:45:13.000Z,,,64937722@N00,Compassionate,True,GX013981.00_03_31_22.Still049,https://live.staticflickr.com/65535/48982223773_bf2ce48aa4_b.jpg,TRUE,,"San Diego, CA, United States","(32.71575927734375, -117.163818359375)",32.71575927734375,-117.163818359375,POINT (-117.163818359375 32.71575927734375),"(nan, nan)",399,['whale shark specific'],90
160,2019-10-29T08:45:35.000Z,,,64937722@N00,Compassionate,True,GX013981.00_03_39_20.Still052,https://live.staticflickr.com/65535/48982974222_35a6503317_b.jpg,TRUE,,"San Diego, CA, United States","(32.71575927734375, -117.163818359375)",32.71575927734375,-117.163818359375,POINT (-117.163818359375 32.71575927734375),"(nan, nan)",399,['whale shark specific'],90
161,2019-10-29T08:45:42.000Z,,,64937722@N00,Compassionate,True,GX013981.00_03_41_26.Still053,https://live.staticflickr.com/65535/48982974187_911570cf3d_b.jpg,TRUE,,"San Diego, CA, United States","(32.71575927734375, -117.163818359375)",32.71575927734375,-117.163818359375,POINT (-117.163818359375 32.71575927734375),"(nan, nan)",399,['whale shark specific'],90
162,2019-10-29T08:46:17.000Z,,,64937722@N00,Compassionate,True,GX013981.00_04_00_10.Still056,https://live.staticflickr.com/65535/48982974097_7b528f9151_b.jpg,TRUE,,"San Diego, CA, United States","(32.71575927734375, -117.163818359375)",32.71575927734375,-117.163818359375,POINT (-117.163818359375 32.71575927734375),"(nan, nan)",399,['whale shark specific'],90
163,2019-10-29T08:47:16.000Z,,,64937722@N00,Compassionate,True,GX013981.00_04_27_11.Still063,https://live.staticflickr.com/65535/48982783316_4d9775a8d6_b.jpg,TRUE,,"San Diego, CA, United States","(32.71575927734375, -117.163818359375)",32.71575927734375,-117.163818359375,POINT (-117.163818359375 32.71575927734375),"(nan, nan)",399,['whale shark specific'],90
164,2019-10-29T08:47:48.000Z,,,64937722@N00,Compassionate,True,GX013981.00_04_42_26.Still067,https://live.staticflickr.com/65535/48982783191_07ff67391d_b.jpg,TRUE,,"San Diego, CA, United States","(32.71575927734375, -117.163818359375)",32.71575927734375,-117.163818359375,POINT (-117.163818359375 32.71575927734375),"(nan, nan)",399,['whale shark specific'],90
165,2019-10-29T08:51:17.000Z,,,64937722@N00,Compassionate,True,GX013981.00_06_08_26.Still077,https://live.staticflickr.com/65535/48982973477_62bc754e4a_b.jpg,TRUE,,"San Diego, CA, United States","(32.71575927734375, -117.163818359375)",32.71575927734375,-117.163818359375,POINT (-117.163818359375 32.71575927734375),"(nan, nan)",399,['whale shark specific'],90
166,2019-10-29T08:51:32.000Z,,,64937722@N00,Compassionate,True,GX013981.00_06_17_06.Still079,https://live.staticflickr.com/65535/48982973442_59ea91df4c_b.jpg,TRUE,,"San Diego, CA, United States","(32.71575927734375, -117.163818359375)",32.71575927734375,-117.163818359375,POINT (-117.163818359375 32.71575927734375),"(nan, nan)",399,['whale shark specific'],90
167,2019-10-29T08:52:50.000Z,,,64937722@N00,Compassionate,True,GX013981.00_06_53_24.Still088,https://live.staticflickr.com/65535/48982222588_a5b636fd32_b.jpg,TRUE,,"San Diego, CA, United States","(32.71575927734375, -117.163818359375)",32.71575927734375,-117.163818359375,POINT (-117.163818359375 32.71575927734375),"(nan, nan)",399,['whale shark specific'],90
168,2019-10-29T10:19:10.000Z,,,64937722@N00,Compassionate,True,GOPR0730.00_05_00_18.Still029,https://live.staticflickr.com/65535/48982781626_e5a2ff19fc_b.jpg,TRUE,,"San Diego, CA, United States","(32.71575927734375, -117.163818359375)",32.71575927734375,-117.163818359375,POINT (-117.163818359375 32.71575927734375),"(nan, nan)",399,['whale shark specific'],90
169,2019-10-29T08:42:27.000Z,,,64937722@N00,Compassionate,True,GX013981.00_02_52_07.Still041,https://live.staticflickr.com/65535/48982971892_d0e35b5e1a_b.jpg,TRUE,,"San Diego, CA, United States","(32.71575927734375, -117.163818359375)",32.71575927734375,-117.163818359375,POINT (-117.163818359375 32.71575927734375),"(nan, nan)",399,['whale shark specific'],90
170,2019-10-29T08:38:42.000Z,,,64937722@N00,Compassionate,True,GX013981.00_01_23_05.Still029,https://live.staticflickr.com/65535/48982971937_90768ea569_b.jpg,TRUE,,"San Diego, CA, United States","(32.71575927734375, -117.163818359375)",32.71575927734375,-117.163818359375,POINT (-117.163818359375 32.71575927734375),"(nan, nan)",399,['whale shark specific'],90
171,2019-10-29T08:45:30.000Z,,,64937722@N00,Compassionate,True,GX013981.00_03_36_23.Still051,https://live.staticflickr.com/65535/48982971862_ee4a118f2b_b.jpg,TRUE,,"San Diego, CA, United States","(32.71575927734375, -117.163818359375)",32.71575927734375,-117.163818359375,POINT (-117.163818359375 32.71575927734375),"(nan, nan)",399,['whale shark specific'],90
172,2019-10-29T08:52:41.000Z,,,64937722@N00,Compassionate,True,GX013981.00_06_50_19.Still087,https://live.staticflickr.com/65535/48982971667_9e39c52e06_b.jpg,TRUE,,"San Diego, CA, United States","(32.71575927734375, -117.163818359375)",32.71575927734375,-117.163818359375,POINT (-117.163818359375 32.71575927734375),"(nan, nan)",399,['whale shark specific'],90
173,2019-10-29T08:47:12.000Z,,,64937722@N00,Compassionate,True,GX013981.00_04_26_06.Still062,https://live.staticflickr.com/65535/48982971812_300d6a6743_b.jpg,TRUE,,"San Diego, CA, United States","(32.71575927734375, -117.163818359375)",32.71575927734375,-117.163818359375,POINT (-117.163818359375 32.71575927734375),"(nan, nan)",399,['whale shark specific'],90
174,2019-10-29T08:51:27.000Z,,,64937722@N00,Compassionate,True,GX013981.00_06_14_13.Still078,https://live.staticflickr.com/65535/48982221128_3f06cab0fe_b.jpg,TRUE,,"San Diego, CA, United States","(32.71575927734375, -117.163818359375)",32.71575927734375,-117.163818359375,POINT (-117.163818359375 32.71575927734375),"(nan, nan)",399,['whale shark specific'],90
175,2019-10-17T09:24:27.000Z,,,167578915@N05,BarryJones64,True,DSCI0514-001,https://live.staticflickr.com/65535/48975407938_0a047c1e69_b.jpg,unknown,,"Calgary, Canada","(51.047306060791016, -114.05796813964844)",51.047306060791016,-114.05796813964844,POINT (-114.0579681396484 51.04730606079102),"(nan, nan)",399,['whale shark specific'],1
176,2019-08-28T08:31:31.000Z,,,70268872@N08,kimtosh11,True,Okinawa Churaumi Aquarium,https://live.staticflickr.com/65535/48677123001_b2f63abe62_b.jpg,FALSE,,"Tokyo, Japan","(35.68696212768555, 139.7494659423828)",35.68696212768555,139.7494659423828,POINT (139.7494659423828 35.68696212768555),"(nan, nan)",399,['whale shark specific'],1
177,2019-08-06T07:35:21.000Z,,,53945206@N00,laheringer,True,Whale Shark,https://live.staticflickr.com/65535/48613908748_b798f0b74d_b.jpg,TRUE,,"Silicon Valley, USA","(37.400001525878906, -122.0)",37.400001525878906,-122.0,POINT (-122 37.40000152587891),"(nan, nan)",399,['whale shark specific'],6
178,2019-08-06T08:10:13.000Z,,,53945206@N00,laheringer,True,Whale shark,https://live.staticflickr.com/65535/48614408032_e1084a12e3_b.jpg,TRUE,,"Silicon Valley, USA","(37.400001525878906, -122.0)",37.400001525878906,-122.0,POINT (-122 37.40000152587891),"(nan, nan)",399,['whale shark specific'],6
179,2019-08-07T08:21:36.000Z,,,53945206@N00,laheringer,True,Whale Shark,https://live.staticflickr.com/65535/48614262651_2e191b50c7_b.jpg,TRUE,,"Silicon Valley, USA","(37.400001525878906, -122.0)",37.400001525878906,-122.0,POINT (-122 37.40000152587891),"(nan, nan)",399,['whale shark specific'],6
180,2019-08-07T08:21:31.000Z,,,53945206@N00,laheringer,True,Swimming with whale sharks,https://live.staticflickr.com/65535/48614561292_09a65985fe_b.jpg,TRUE,,"Silicon Valley, USA","(37.400001525878906, -122.0)",37.400001525878906,-122.0,POINT (-122 37.40000152587891),"(nan, nan)",399,['whale shark specific'],6
181,2019-08-06T08:10:07.000Z,,,53945206@N00,laheringer,True,Whale Shark,https://live.staticflickr.com/65535/48614410127_5f1a77ed17_b.jpg,TRUE,,"Silicon Valley, USA","(37.400001525878906, -122.0)",37.400001525878906,-122.0,POINT (-122 37.40000152587891),"(nan, nan)",399,['whale shark specific'],6
182,2019-08-06T08:10:09.000Z,,,53945206@N00,laheringer,True,Whale Shark,https://live.staticflickr.com/65535/48614259946_e284ebd5b7_b.jpg,TRUE,,"Silicon Valley, USA","(37.400001525878906, -122.0)",37.400001525878906,-122.0,POINT (-122 37.40000152587891),"(nan, nan)",399,['whale shark specific'],6
183,2019-08-01T00:00:00.000Z,,,14759783@N04,young shanahan,True,In front of the large tank.,https://live.staticflickr.com/65535/48694885192_636b3e1225_b.jpg,FALSE,,"Bratislava, Slovakia","(48.146400451660156, 17.10687828063965)",48.14640045166016,17.10687828063965,POINT (17.10687828063965 48.14640045166016),"(nan, nan)",399,['whale shark specific'],1
184,2019-08-29T13:10:22.000Z,,,36274147@N07,Ramiro Gonzlez,True,Whale shark,https://live.staticflickr.com/65535/48641059263_ce66055b55_b.jpg,TRUE,,"Madrid, SPAIN","(40.416690826416016, -3.700345993041992)",40.416690826416016,-3.700345993041992,POINT (-3.700345993041992 40.41669082641602),"(nan, nan)",399,['whale shark specific'],3
185,2019-08-29T13:10:20.000Z,,,36274147@N07,Ramiro Gonzlez,True,Whale shark,https://live.staticflickr.com/65535/48641551667_fbeeae781a_b.jpg,unknown,,"Madrid, SPAIN","(40.416690826416016, -3.700345993041992)",40.416690826416016,-3.700345993041992,POINT (-3.700345993041992 40.41669082641602),"(nan, nan)",399,['whale shark specific'],3
186,2019-08-29T13:10:21.000Z,,,36274147@N07,Ramiro Gonzlez,True,Whale shark,https://live.staticflickr.com/65535/48641407436_3d022b1617_b.jpg,unknown,,"Madrid, SPAIN","(40.416690826416016, -3.700345993041992)",40.416690826416016,-3.700345993041992,POINT (-3.700345993041992 40.41669082641602),"(nan, nan)",399,['whale shark specific'],3
187,2021-04-30T17:26:54.000Z,,,128326247@N06,oalard,True,Ningaloo2021-9846_M1s,https://live.staticflickr.com/65535/51149605318_0d398b3d15_b.jpg,unknown,,"Sydney, Australie","(-33.873199462890625, 151.2095947265625)",-33.873199462890625,151.2095947265625,POINT (151.2095947265625 -33.87319946289062),"(nan, nan)",399,['whale shark specific multilingual'],2
188,2021-04-30T17:26:50.000Z,,,128326247@N06,oalard,True,Ningaloo2021-9856_M1s,https://live.staticflickr.com/65535/51150158649_ee61c434df_b.jpg,unknown,,"Sydney, Australie","(-33.873199462890625, 151.2095947265625)",-33.873199462890625,151.2095947265625,POINT (151.2095947265625 -33.87319946289062),"(nan, nan)",399,['whale shark specific multilingual'],2
189,2019-10-26T10:02:27.000Z,-13.315462,48.160285,100123353@N08,rafi amar,True,Whale Shark - Rhincodon typus,https://live.staticflickr.com/65535/49413335806_1c3bf10025_b.jpg,TRUE,,Israel,"(30.721088409423828, 34.88581848144531)",30.721088409423828,34.88581848144531,POINT (34.88581848144531 30.72108840942383),"(-13.315462, 48.160285)",5,['whale shark specific'],14
190,2019-10-26T09:30:41.000Z,-13.315462,48.160285,100123353@N08,rafi amar,True,Whale Shark come from the deep..,https://live.staticflickr.com/65535/49253908033_91358cdaa7_b.jpg,TRUE,,Israel,"(30.721088409423828, 34.88581848144531)",30.721088409423828,34.88581848144531,POINT (34.88581848144531 30.72108840942383),"(-13.315462, 48.160285)",5,['whale shark specific'],14
191,2019-10-25T08:25:59.000Z,-13.315462,48.160285,100123353@N08,Rafi Amar Wildlife Photography,True,Whale Shark - Rhincodon typus,https://live.staticflickr.com/65535/49068505916_58c45de030_b.jpg,unknown,,Israel,"(30.721088409423828, 34.88581848144531)",30.721088409423828,34.88581848144531,POINT (34.88581848144531 30.72108840942383),"(-13.315462, 48.160285)",5,['whale shark specific'],14
192,2019-10-25T08:26:48.000Z,-13.315462,48.160285,100123353@N08,Rafi Amar Wildlife Photography,True,Whale Shark - Rhincodon typus,https://live.staticflickr.com/65535/49413337331_1ebd3ec970_b.jpg,TRUE,,Israel,"(30.721088409423828, 34.88581848144531)",30.721088409423828,34.88581848144531,POINT (34.88581848144531 30.72108840942383),"(-13.315462, 48.160285)",5,['whale shark specific'],14
193,2019-10-25T08:26:29.000Z,-13.315462,48.160285,100123353@N08,Rafi Amar Wildlife Photography,True,Whale Shark - Rhincodon typus,https://live.staticflickr.com/65535/49407554853_5e36050197_b.jpg,TRUE,,Israel,"(30.721088409423828, 34.88581848144531)",30.721088409423828,34.88581848144531,POINT (34.88581848144531 30.72108840942383),"(-13.315462, 48.160285)",5,['whale shark specific'],14
194,2020-05-25T09:00:00.000Z,9.52532,123.430023,100123353@N08,Rafi Amar Wildlife Photography,True,Whale Shark - Rhincodon typus,https://live.staticflickr.com/65535/49933056681_fd0c32d6a0_b.jpg,TRUE,,Israel,"(30.721088409423828, 34.88581848144531)",30.721088409423828,34.88581848144531,POINT (34.88581848144531 30.72108840942383),"(9.52532, 123.430023)",8,['whale shark specific'],14
195,2020-05-25T08:59:53.000Z,9.52532,123.430023,100123353@N08,Rafi Amar Wildlife Photography,True,Whale Shark - Rhincodon typus,https://live.staticflickr.com/65535/49932545018_ec2734c6e4_b.jpg,unknown,,Israel,"(30.721088409423828, 34.88581848144531)",30.721088409423828,34.88581848144531,POINT (34.88581848144531 30.72108840942383),"(9.52532, 123.430023)",8,['whale shark specific'],14
196,2020-05-26T10:54:12.000Z,9.52532,123.430023,100123353@N08,Rafi Amar Wildlife Photography,True,Whale Shark - Rhincodon typus,https://live.staticflickr.com/65535/49936818528_4167f47c60_b.jpg,TRUE,,Israel,"(30.721088409423828, 34.88581848144531)",30.721088409423828,34.88581848144531,POINT (34.88581848144531 30.72108840942383),"(9.52532, 123.430023)",8,['whale shark specific'],14
197,2020-05-26T10:54:06.000Z,9.52532,123.430023,100123353@N08,Rafi Amar Wildlife Photography,True,Whale Shark - Rhincodon typus,https://live.staticflickr.com/65535/49937328786_10cf649571_b.jpg,TRUE,,Israel,"(30.721088409423828, 34.88581848144531)",30.721088409423828,34.88581848144531,POINT (34.88581848144531 30.72108840942383),"(9.52532, 123.430023)",8,['whale shark specific'],14
198,2020-05-25T09:00:07.000Z,9.52532,123.430023,100123353@N08,Rafi Amar Wildlife Photography,True,Whale Shark - Rhincodon typus,https://live.staticflickr.com/65535/49933056971_c6c6cb844f_b.jpg,TRUE,,Israel,"(30.721088409423828, 34.88581848144531)",30.721088409423828,34.88581848144531,POINT (34.88581848144531 30.72108840942383),"(9.52532, 123.430023)",8,['whale shark specific'],14
199,2020-05-26T10:54:09.000Z,9.52532,123.430023,100123353@N08,Rafi Amar Wildlife Photography,True,Whale Shark - Rhincodon typus,https://live.staticflickr.com/65535/49937328906_89efe4270f_b.jpg,TRUE,,Israel,"(30.721088409423828, 34.88581848144531)",30.721088409423828,34.88581848144531,POINT (34.88581848144531 30.72108840942383),"(9.52532, 123.430023)",8,['whale shark specific'],14
200,2020-05-25T08:59:55.000Z,9.52532,123.430023,100123353@N08,Rafi Amar Wildlife Photography,True,Whale Shark - Rhincodon typus,https://live.staticflickr.com/65535/49932545098_aa067022bc_b.jpg,unknown,,Israel,"(30.721088409423828, 34.88581848144531)",30.721088409423828,34.88581848144531,POINT (34.88581848144531 30.72108840942383),"(9.52532, 123.430023)",8,['whale shark specific'],14
201,2020-05-25T08:59:57.000Z,9.52532,123.430023,100123353@N08,Rafi Amar Wildlife Photography,True,Whale Shark - Rhincodon typus,https://live.staticflickr.com/65535/49933365892_2a1b01fd72_b.jpg,unknown,,Israel,"(30.721088409423828, 34.88581848144531)",30.721088409423828,34.88581848144531,POINT (34.88581848144531 30.72108840942383),"(9.52532, 123.430023)",8,['whale shark specific'],14
202,2020-12-10T08:40:25.000Z,4.174299,73.483943,100123353@N08,Rafi Amar Wildlife Photography,True,Whale Shark - Rhincodon typus,https://live.staticflickr.com/65535/51039808702_1cea753c8b_b.jpg,true,6.973336637020111,Israel,"(30.721088409423828, 34.88581848144531)",30.721088409423828,34.88581848144531,POINT (34.88581848144531 30.72108840942383),"(4.174299, 73.483943)",1,['whale shark specific multilingual'],14
203,2019-07-31T11:47:32.000Z,33.76328,-84.394856,7456874@N02,Bird Aficionado Stan,True,Whale shark,https://live.staticflickr.com/65535/48499055397_eaf03e68a6_b.jpg,FALSE,,"Atlanta, GA, United States","(33.7485466003418, -84.3915023803711)",33.7485466003418,-84.3915023803711,POINT (-84.39150238037109 33.7485466003418),"(33.76328, -84.394856)",1,['whale shark specific'],1
204,2019-11-16T10:47:03.000Z,33.76323,-84.394684,35476119@N03,mccormacka,True,Whale shark at Georgia Aquarium,https://live.staticflickr.com/65535/49142649403_3aaf1c0193_b.jpg,FALSE,,"St. Louis, USA","(38.63535690307617, -90.20098876953125)",38.63535690307617,-90.20098876953124,POINT (-90.20098876953124 38.63535690307617),"(33.76323, -84.394684)",1,['whale shark specific'],2
205,2019-11-16T10:46:53.000Z,33.763244,-84.394784,35476119@N03,mccormacka,True,Whale shark feeding at Georgia Aquarium,https://live.staticflickr.com/65535/49142654978_c209b17d20_b.jpg,FALSE,,"St. Louis, USA","(38.63535690307617, -90.20098876953125)",38.63535690307617,-90.20098876953124,POINT (-90.20098876953124 38.63535690307617),"(33.763244, -84.394784)",1,['whale shark specific'],2
206,2019-08-25T12:38:03.000Z,21.456903,-86.213836,79407824@N00,jrixunderwater,True,Whale Shark rix_02126,https://live.staticflickr.com/65535/48618847843_614da65508_b.jpg,TRUE,,"Vancouver, Canada","(49.26356506347656, -123.1385726928711)",49.26356506347656,-123.1385726928711,POINT (-123.1385726928711 49.26356506347656),"(21.456903, -86.213836)",1,['whale shark specific'],1
207,2021-03-22T10:24:57.000Z,2.746045,72.888793,72096479@N00,virtualphotographers,True,Whale Shark,https://live.staticflickr.com/65535/51062967451_997fc4b86a_b.jpg,unknown,,"Chicago, USA","(41.88322830200195, -87.63240051269531)",41.88322830200195,-87.63240051269531,POINT (-87.63240051269531 41.88322830200195),"(2.746045, 72.888793)",5,['whale shark specific multilingual'],5
208,2021-03-22T10:24:33.000Z,2.746045,72.888793,72096479@N00,virtualphotographers,True,Whale Shark,https://live.staticflickr.com/65535/51063050727_e841ef9d0b_b.jpg,unknown,,"Chicago, USA","(41.88322830200195, -87.63240051269531)",41.88322830200195,-87.63240051269531,POINT (-87.63240051269531 41.88322830200195),"(2.746045, 72.888793)",5,['whale shark specific multilingual'],5
209,2021-03-22T10:24:12.000Z,2.746045,72.888793,72096479@N00,virtualphotographers,True,Swimming with Whale Sharks,https://live.staticflickr.com/65535/51063049727_c7b97291bc_b.jpg,true,,"Chicago, USA","(41.88322830200195, -87.63240051269531)",41.88322830200195,-87.63240051269531,POINT (-87.63240051269531 41.88322830200195),"(2.746045, 72.888793)",5,['whale shark specific multilingual'],5
210,2021-03-22T10:23:45.000Z,2.746045,72.888793,72096479@N00,virtualphotographers,True,Whale Shark,https://live.staticflickr.com/65535/51062963846_ef5a3b8b5b_b.jpg,unknown,,"Chicago, USA","(41.88322830200195, -87.63240051269531)",41.88322830200195,-87.63240051269531,POINT (-87.63240051269531 41.88322830200195),"(2.746045, 72.888793)",5,['whale shark specific multilingual'],5
211,2021-03-22T10:23:26.000Z,2.746045,72.888793,72096479@N00,virtualphotographers,True,Swimming with Whale Sharks,https://live.staticflickr.com/65535/51062250578_2ba17a602d_b.jpg,true,91.31326079368591,"Chicago, USA","(41.88322830200195, -87.63240051269531)",41.88322830200195,-87.63240051269531,POINT (-87.63240051269531 41.88322830200195),"(2.746045, 72.888793)",5,['whale shark specific multilingual'],5
212,2020-11-12 19:00:16,7.905113,98.299052,91357387@N06,Thailand divers,True,Whale Shark - Scuba Diving,https://live.staticflickr.com/65535/50593509572_7f201e7d3f_b.jpg,True,31.6486805677414,"Phuket, Thailand","(7.89002799987793, 98.39817810058594)",7.89002799987793,98.39817810058594,POINT (98.39817810058594 7.89002799987793),"(7.905113, 98.299052)",1,"['whale shark specific bbox', 'whale shark specific multilingual bbox']",1
213,2020-04-13 13:29:36,24.19,-110.41,40621085@N08,Kristof Zyskowski & Yulia Bereshpolova,True,Rhincodontidae: Rhincodon typus (Whale Shark),https://live.staticflickr.com/65535/49770499397_3060ed8ac0_b.jpg,True,92.96510815620422,"New Haven, United States","(41.308250427246094, -72.92416381835938)",41.308250427246094,-72.92416381835938,POINT (-72.92416381835938 41.30825042724609),"(24.19, -110.41)",2,"['whale shark specific', 'whale shark specific bbox', 'whale shark specific multilingual bbox']",2
214,2020-04-13 13:59:19,24.19,-110.41,40621085@N08,Kristof Zyskowski & Yulia Bereshpolova,True,Echeneidae: Remora remora (Common Suckerfish) on Whale Shark,https://live.staticflickr.com/65535/49770498707_cdd72efd38_b.jpg,True,85.21100878715515,"New Haven, United States","(41.308250427246094, -72.92416381835938)",41.308250427246094,-72.92416381835938,POINT (-72.92416381835938 41.30825042724609),"(24.19, -110.41)",2,"['whale shark specific', 'whale shark specific bbox', 'whale shark specific multilingual bbox']",2
